﻿Class,NBI Class,State,Year Built Min,Year Built Max,# Spans,Length of Max Span (m),Length <20m,KSD,A,B,K3D,I Shape,Sa2,Sa3,Sa4,Sa5,Design,Description
HWB1,All,Non-CA,0,1990,,150,N/A,EQ1,0.25,1,1+0.25/(N-1),0,0.4,0.5,0.7,0.9,Conventional,Major Bridge (Span >150m)
HWB2,All,Non-CA,1990,9999,,150,N/A,EQ1,0.25,1,1+0.25/(N-1),0,0.6,0.9,1.1,1.7,Seismic,Major Bridge (Span >150m)
HWB3,All,Non-CA,0,1990,1,,,EQ1,0.25,1,,1,0.8,1,1.2,1.7,,
HWB4,All,Non-CA,1990,9999,1,,,EQ1,0.25,1,,1,0.8,1,1.2,1.7,,
HWB5,,Non-CA,0,1990,,,,EQ1,0.25,1,,0,0.25,0.35,0.45,0.7,,
HWB6,,CA,0,1975,,,,EQ1,0.25,1,,0,0.3,0.5,0.6,0.9,Conventional,
HWB7,,CA,1990,9999,,,,EQ1,0.25,1,,0,0.5,0.8,1.1,1.7,Conventional,
HWB8,,CA,0,1975,,,,EQ2,0.33,0,,0,0.35,0.45,0.55,0.8,Seismic,
HWB9,,Non-CA,1975,9999,,,,EQ3,0.33,1,,0,0.6,0.9,1.3,1.6,,
HWB10,,Non-CA,0,1990,,,,EQ2,0.33,0,,1,0.6,0.9,1.1,1.5,,
HWB11,,Non-CA,1990,9999,,,,EQ3,0.33,1,,1,0.9,0.9,1.1,1.5,,
HWB12,301-306,Non-CA,0,1990,,,No,EQ4,0.09,1,1+0.09/(N-1),0,0.25,0.35,0.45,0.7,Conventional,"Muli-column bent, Simply supported, Steel"
HWB13,,Non-CA,1990,9999,,,No,EQ4,0.09,1,,0,0.3,0.5,0.6,0.9,,
HWB14,301-306,Non-CA,1990,9999,,,N/A,EQ1,0.25,1,1+0.25/(N-1),0,0.5,0.8,1.1,1.7,Seismic,"Muli-column bent, Simply supported, Steel"
HWB15,402-410,Non-CA,0,1990,,,No,EQ5,0.05,0,1+0.05/N,1,0.75,0.75,0.75,1.1,Conventional,Continuous Steel
HWB16,402-410,Non-CA,1990,9999,,,N/A,EQ3,0.33,1,1+0.33/(N-1),1,0.9,0.9,1.1,1.5,Seismic,Continuous Steel
HWB17,501-506,Non-CA,0,1990,,,N/A,EQ1,0.25,1,1+0.25/(N-1),0,0.25,0.35,0.5,0.7,Conventional,"Multi-column bent, Simply supported, Prestressed concrete"
HWB18,,Non-CA,0,1975,,,,EQ1,0.25,1,,0,0.3,0.5,0.6,0.9,,
HWB19,501-506,Non-CA,1990,9999,,,N/A,EQ1,0.25,1,1+0.25/(N-1),0,0.5,0.8,1.1,1.7,Seismic,"Multi-column bent, Simply supported, Prestressed concrete"
HWB20,,CA,0,1975,,,,EQ2,0.33,0,,0,0.35,0.45,0.55,0.8,,
HWB21,,CA,1975,9999,,,,EQ3,0.33,1,,0,0.6,0.9,1.3,1.6,,
HWB22,,Non-CA,0,1990,,,,EQ2,0.33,0,,1,0.6,0.9,1.1,1.5,,
HWB23,,Non-CA,1975,9999,,,,EQ3,0.33,1,,1,0.9,0.9,1.1,1.5,,
HWB24,,Non-CA,0,1990,,,Yes,EQ6,0.2,1,,0,0.25,0.35,0.45,0.7,,
HWB25,,CA,0,9999,,,Yes,EQ6,0.2,1,,0,0.3,0.5,0.6,0.9,,
HWB26,,Non-CA,0,9999,,,Yes,EQ7,0.1,0,,1,0.75,0.75,0.75,1.1,,
HWB27,,CA,0,9999,,,Yes,EQ7,0.1,0,,1,0.75,0.75,0.75,1.1,,
HWB28,,Non-CA,0,9999,,,,,,,,,0.8,1,1.2,1.7,,
