node_id,name,x_coord,y_coord,node_type,zone_id,ctrl_type
1,,-124.1412638,40.59374752,centroid,1,
2,,-124.1474046,40.59374259,centroid,2,
3,,-124.1397581,40.5847937,centroid,3,
4,,-124.1225965,40.5686227,centroid,4,
5,,-124.1063105,40.54807962,centroid,5,
6,,-124.1245402,40.56216909,centroid,6,
7,,-124.0992688,40.50117514,centroid,7,
8,,-124.1546747,40.59708416,centroid,8,
9,,-124.1412793,40.57535026,centroid,9,
10,,-124.1378965,40.57020205,centroid,10,
11,,-124.1726767,40.59722242,centroid,11,
12,,-124.1051282,40.48440899,centroid,12,
14,,-124.1317563,40.49970582,centroid,14,
15,,-124.2796905,40.56276998,centroid,15,
16,,-124.1048527,40.49868319,centroid,16,
17,,-124.2614931,40.57920062,centroid,17,
18,,-124.2089195,40.57591849,centroid,18,
19,,-124.1544596,40.59923725,centroid,19,
50,,-124.2155,40.63,centroid,50,
51,,-124.09,40.4628745,centroid,51,
52,,-124.09,40.5460268,centroid,52,
53,,-124.3835594,40.44,centroid,53,
100,4677244813,-124.257313,40.5854767,transport,,
101,4645011714,-124.2573255,40.5865934,transport,,
102,84961334,-124.15175,40.602816,transport,,
103,84961344,-124.1513012,40.6041299,transport,,
104,84961404,-124.2021471,40.5825834,transport,,
105,84961410,-124.202111,40.585079,transport,,
106,84961420,-124.202385,40.591704,transport,,
107,84961444,-124.2120689,40.5990893,transport,,
108,84982471,-124.129436,40.557258,transport,,
109,84982477,-124.1299563,40.5572259,transport,,
110,84982479,-124.1307242,40.5572349,transport,,
111,84988838,-124.1483548,40.5753094,transport,,
112,84988848,-124.1486912,40.5753423,transport,,
113,4195942164,-124.1498239,40.5786109,transport,,
114,84988862,-124.123025,40.580627,transport,,
115,84988864,-124.122901,40.580627,transport,,
116,84990044,-124.097162,40.546422,transport,,
117,84990046,-124.096946,40.546841,transport,,
118,84993816,-124.167551,40.614576,transport,,
119,84993818,-124.167645,40.61508,transport,,
120,84993827,-124.166609,40.616221,transport,,
121,84994607,-124.106973,40.57119,transport,,
122,84994618,-124.107888,40.571994,transport,,
123,84994623,-124.105495,40.571595,transport,,
124,84994632,-124.105829,40.572704,transport,,
125,84994636,-124.104576,40.571905,transport,,
126,84994659,-124.104181,40.569706,transport,,
127,85001827,-124.187904,40.588725,transport,,
128,85001831,-124.189721,40.588732,transport,,
129,85004910,-124.0990951,40.4892358,transport,,
130,85477141,-124.095462,40.489773,transport,,
131,85018748,-124.151696,40.620835,transport,,
132,85018796,-124.149081,40.621,transport,,
133,85018805,-124.152041,40.619934,transport,,
134,85018843,-124.151343,40.617133,transport,,
135,85023247,-124.107402,40.491496,transport,,
136,85023279,-124.107944,40.489686,transport,,
137,85030687,-124.182888,40.621738,transport,,
138,85030697,-124.184576,40.621362,transport,,
139,85034108,-124.113617,40.626997,transport,,
140,,-124.12336,40.63,transport,,
141,,-124.1478006,40.63,transport,,
142,85034825,-124.146553,40.629581,transport,,
143,85036268,-124.109495,40.570562,transport,,
144,85036274,-124.108876,40.57071,transport,,
145,85041515,-124.179555,40.61095,transport,,
146,85041538,-124.17849,40.610732,transport,,
147,4646258125,-124.2557053,40.5784694,transport,,
148,84959843,-124.2567465,40.5784626,transport,,
149,85052051,-124.2574806,40.5784592,transport,,
150,85052077,-124.2537274,40.5770689,transport,,
151,85052079,-124.25372,40.578386,transport,,
152,85052990,-124.1486727,40.5561515,transport,,
153,85052992,-124.1481339,40.5564567,transport,,
154,85826874,-124.1362624,40.5775051,transport,,
155,85942211,-124.1371328,40.5774977,transport,,
156,85698894,-124.138158,40.5774927,transport,,
157,85770615,-124.1384522,40.577494,transport,,
158,85062640,-124.1116499,40.5391724,transport,,
159,85062642,-124.1095803,40.5392176,transport,,
160,86030429,-124.1687361,40.600631,transport,,
161,4195942130,-124.1712529,40.6016878,transport,,
162,85086411,-124.181273,40.623362,transport,,
163,85086425,-124.181968,40.623632,transport,,
164,4194364314,-124.1498184,40.5781065,transport,,
165,85087122,-124.1494266,40.574611,transport,,
166,85089159,-124.213429,40.56395,transport,,
167,85089168,-124.211691,40.563735,transport,,
168,85089171,-124.1814051,40.6058725,transport,,
169,85089180,-124.1784193,40.6046214,transport,,
170,85123231,-124.142743,40.570086,transport,,
171,85123233,-124.1427413,40.5698181,transport,,
172,85124660,-124.208668,40.553766,transport,,
173,85124734,-124.208036,40.553836,transport,,
174,85127752,-124.362396,40.480337,transport,,
175,85127936,-124.367752,40.499673,transport,,
176,85132042,-124.101905,40.574453,transport,,
177,85132051,-124.102936,40.57588,transport,,
178,85132056,-124.119475,40.568903,transport,,
179,85132060,-124.119252,40.568393,transport,,
180,85132065,-124.119458,40.567888,transport,,
181,85132102,-124.118809,40.567876,transport,,
182,85142309,-124.135697,40.513257,transport,,
183,85142315,-124.133833,40.513143,transport,,
184,85154118,-124.2079689,40.6056107,transport,,
185,85154120,-124.208467,40.605858,transport,,
186,85157600,-124.173891,40.623952,transport,,
187,85157677,-124.172179,40.628413,transport,,
188,85165442,-124.2514924,40.571245,transport,,
189,85165452,-124.252255,40.57289,transport,,
190,86029781,-124.1473722,40.5971756,transport,,
191,4224571356,-124.1469317,40.5967756,transport,,
192,85167923,-124.1467096,40.5965725,transport,,
193,4224269339,-124.1465018,40.5965528,transport,,
194,85167918,-124.1463623,40.5965595,transport,,
195,4222563578,-124.1462484,40.5967268,transport,,
196,85178005,-124.119127,40.504691,transport,,
197,85178007,-124.11916,40.506187,transport,,
198,85178099,-124.118292,40.504185,transport,,
199,85178110,-124.117919,40.506197,transport,,
200,85180900,-124.167047,40.614917,transport,,
201,85180917,-124.169333,40.614968,transport,,
202,85180929,-124.178897,40.61608,transport,,
203,85180958,-124.180662,40.616325,transport,,
204,85193127,-124.09483,40.532437,transport,,
205,85193131,-124.094873,40.533146,transport,,
206,85219608,-124.135894,40.506338,transport,,
207,85219738,-124.128372,40.506891,transport,,
208,85227862,-124.230997,40.60075,transport,,
209,85227896,-124.233977,40.600899,transport,,
210,85788695,-124.1556155,40.5881681,transport,,
211,85228297,-124.154526,40.586449,transport,,
212,85228292,-124.1546074,40.5860667,transport,,
213,85228567,-124.0979751,40.4908572,transport,,
214,431033376,-124.0981951,40.4902546,transport,,
215,85228635,-124.124741,40.514034,transport,,
216,85228647,-124.123199,40.514201,transport,,
217,85236515,-124.156641,40.505591,transport,,
218,85236517,-124.156633,40.505322,transport,,
219,85237292,-124.111951,40.567571,transport,,
220,85237295,-124.112354,40.567891,transport,,
221,85237297,-124.113285,40.567887,transport,,
222,85237307,-124.114069,40.56906,transport,,
223,4100576408,-124.1394425,40.5628374,transport,,
224,85237499,-124.1416505,40.5598707,transport,,
225,85238159,-124.111307,40.567911,transport,,
226,85238688,-124.281869,40.613765,transport,,
227,85238709,-124.282245,40.616532,transport,,
228,85238738,-124.26708,40.606446,transport,,
229,85238746,-124.267259,40.602241,transport,,
230,85249107,-124.161547,40.535447,transport,,
231,85249147,-124.164469,40.534229,transport,,
232,85250957,-124.198935,40.512067,transport,,
233,85250978,-124.197253,40.511242,transport,,
234,85254516,-124.1486985,40.5716472,transport,,
235,85254508,-124.1485559,40.5748589,transport,,
236,85254944,-124.098133,40.532591,transport,,
237,85254948,-124.097975,40.532409,transport,,
238,85589727,-124.2098665,40.6202599,transport,,
239,85487813,-124.2100901,40.6207426,transport,,
240,85255928,-124.2113615,40.6224005,transport,,
241,85260067,-124.126792,40.514506,transport,,
242,85260068,-124.126548,40.514848,transport,,
243,85260069,-124.131797,40.516035,transport,,
244,85260080,-124.129828,40.516672,transport,,
245,85260296,-124.147087,40.62939,transport,,
246,85260300,-124.147299,40.629665,transport,,
247,,-124.1478322,40.63,transport,,
248,85284456,-124.106895,40.534251,transport,,
249,85284476,-124.102196,40.53928,transport,,
250,85290789,-124.180503,40.623023,transport,,
251,85290828,-124.178661,40.623755,transport,,
252,85290834,-124.18098,40.606581,transport,,
253,85290846,-124.183075,40.606988,transport,,
254,85290856,-124.185413,40.608161,transport,,
255,85290899,-124.182934,40.60837,transport,,
256,85290922,-124.190556,40.613359,transport,,
257,85290955,-124.188944,40.615807,transport,,
258,8726263132,-124.1740727,40.5035549,transport,,
259,85062340,-124.166022,40.515494,transport,,
260,85295966,-124.161411,40.564132,transport,,
261,85296017,-124.163927,40.566745,transport,,
262,85296035,-124.167861,40.56735,transport,,
263,85296044,-124.15978,40.564067,transport,,
264,85296059,-124.163872,40.564239,transport,,
265,85298411,-124.1913125,40.6117226,transport,,
266,85298401,-124.1886193,40.6100333,transport,,
267,85304205,-124.183483,40.53231,transport,,
268,85304271,-124.179749,40.532143,transport,,
269,85315315,-124.214129,40.59964,transport,,
270,85330888,-124.157535,40.505062,transport,,
271,85330891,-124.15749,40.504802,transport,,
272,85344936,-124.103607,40.543956,transport,,
273,85344970,-124.104407,40.544152,transport,,
274,85353178,-124.1132755,40.506448,transport,,
275,353576602,-124.1107449,40.5055773,transport,,
276,85353227,-124.092166,40.49968,transport,,
277,85353251,-124.09302,40.50306,transport,,
278,85356738,-124.176292,40.61085,transport,,
279,85356752,-124.17754,40.611245,transport,,
280,85356758,-124.175923,40.61132,transport,,
281,85356762,-124.177041,40.611796,transport,,
282,85359552,-124.137974,40.518278,transport,,
283,85359556,-124.1381641,40.5177735,transport,,
284,85359559,-124.1382499,40.5176495,transport,,
285,85359584,-124.140898,40.519204,transport,,
286,85359610,-124.139419,40.519426,transport,,
287,85359621,-124.140194,40.519682,transport,,
288,85366061,-124.144765,40.530011,transport,,
289,85366065,-124.143987,40.530081,transport,,
290,85366075,-124.141516,40.528377,transport,,
291,85366484,-124.2119692,40.6015907,transport,,
292,85366504,-124.211119,40.602632,transport,,
293,85373833,-124.102673,40.4836447,transport,,
294,8600733541,-124.1029314,40.483789,transport,,
295,8105364566,-124.1037096,40.4842379,transport,,
296,85384210,-124.233575,40.606341,transport,,
297,86118553,-124.226323,40.610148,transport,,
298,85384216,-124.230997,40.600918,transport,,
299,85384218,-124.229457,40.600935,transport,,
300,85395226,-124.175395,40.544887,transport,,
301,85395228,-124.174696,40.544683,transport,,
302,85395232,-124.163733,40.546688,transport,,
303,85395253,-124.165062,40.546104,transport,,
304,85405489,-124.1008094,40.5035968,transport,,
305,85405493,-124.1001228,40.5045023,transport,,
306,85405565,-124.0992865,40.5030387,transport,,
307,85405569,-124.099278,40.503489,transport,,
308,85408093,-124.216453,40.574236,transport,,
309,85408109,-124.214918,40.576047,transport,,
310,85408114,-124.185496,40.629818,transport,,
311,85408120,-124.18551,40.628223,transport,,
312,85408239,-124.18194,40.628845,transport,,
313,85408248,-124.18352,40.627153,transport,,
314,85408337,-124.175195,40.628556,transport,,
315,,-124.1743807,40.63,transport,,
316,85412357,-124.127827,40.504184,transport,,
317,85412361,-124.126949,40.504018,transport,,
318,85412974,-124.121722,40.506144,transport,,
319,85412975,-124.12171,40.505541,transport,,
320,85412976,-124.120897,40.50434,transport,,
321,85412978,-124.121657,40.504776,transport,,
322,85414424,-124.122403,40.506979,transport,,
323,85414426,-124.122411,40.50821,transport,,
324,85416339,-124.173333,40.567589,transport,,
325,85416341,-124.172706,40.568195,transport,,
326,85228543,-124.1549503,40.5862904,transport,,
327,85433751,-124.139766,40.538237,transport,,
328,85433800,-124.140193,40.543762,transport,,
329,85437863,-124.137274,40.51881,transport,,
330,85446401,-124.123198,40.512302,transport,,
331,85446404,-124.123178,40.513679,transport,,
332,85446408,-124.123328,40.514713,transport,,
333,85446522,-124.123858,40.513747,transport,,
334,85446535,-124.125592,40.513815,transport,,
335,85446546,-124.125825,40.513655,transport,,
336,85446562,-124.127659,40.514892,transport,,
337,85796274,-124.1480595,40.5976148,transport,,
338,8379797599,-124.1483155,40.5976085,transport,,
339,85459120,-124.229125,40.59538,transport,,
340,85459127,-124.228972,40.594248,transport,,
341,85459151,-124.214381,40.599946,transport,,
342,85459179,-124.212934,40.601099,transport,,
343,85459184,-124.192728,40.594195,transport,,
344,85459201,-124.190661,40.594257,transport,,
345,85471663,-124.138649,40.543682,transport,,
346,,-124.09,40.4926303,transport,,
347,85188539,-124.2130023,40.6222935,transport,,
348,85489446,-124.096053,40.496563,transport,,
349,85489454,-124.096057,40.497371,transport,,
350,85491536,-124.168777,40.627928,transport,,
351,85491542,-124.168447,40.628609,transport,,
352,85353168,-124.1098775,40.5052703,transport,,
353,85496879,-124.1089768,40.5047812,transport,,
354,85497279,-124.116024,40.507577,transport,,
355,85497295,-124.11714,40.507901,transport,,
356,85497344,-124.1364389,40.6064557,transport,,
357,85497357,-124.135597,40.6065415,transport,,
358,4224269363,-124.1252674,40.5968615,transport,,
359,86251948,-124.1267243,40.5987256,transport,,
360,85510455,-124.124079,40.513234,transport,,
361,85510549,-124.125227,40.513687,transport,,
362,85513350,-124.1290746,40.514374,transport,,
363,85513354,-124.128784,40.514711,transport,,
364,85515329,-124.114175,40.551735,transport,,
365,85515349,-124.114145,40.550409,transport,,
366,85515362,-124.092989,40.499155,transport,,
367,85515368,-124.09299,40.500281,transport,,
368,85524226,-124.1548575,40.5886037,transport,,
369,85524245,-124.1566969,40.5902018,transport,,
370,85525552,-124.1097016,40.5061783,transport,,
371,85525558,-124.1094272,40.506352,transport,,
372,85526140,-124.094301,40.497003,transport,,
373,85526151,-124.094875,40.497481,transport,,
374,85527436,-124.099106,40.494836,transport,,
375,85527438,-124.098957,40.49493,transport,,
376,85530990,-124.340087,40.541041,transport,,
377,85531114,-124.352757,40.55006,transport,,
378,85532480,-124.16617,40.615447,transport,,
379,85537919,-124.094573,40.532437,transport,,
380,85537926,-124.094492,40.531551,transport,,
381,85540562,-124.1213153,40.5697403,transport,,
382,85540614,-124.121353,40.571061,transport,,
383,85545759,-124.108243,40.55687,transport,,
384,85545774,-124.109177,40.556988,transport,,
385,85298417,-124.1918509,40.6121144,transport,,
386,85554093,-124.1914779,40.6123149,transport,,
387,85564016,-124.126805,40.485287,transport,,
388,85564028,-124.127764,40.487244,transport,,
389,86071306,-124.1554725,40.5876749,transport,,
390,85564777,-124.1534554,40.5860129,transport,,
391,85524225,-124.1545134,40.5884974,transport,,
392,85573042,-124.125182,40.513819,transport,,
393,85573046,-124.117393,40.508063,transport,,
394,85573064,-124.126015,40.513428,transport,,
395,85581738,-124.164414,40.530179,transport,,
396,85581756,-124.166574,40.530948,transport,,
397,85589745,-124.2062633,40.6203606,transport,,
398,85589751,-124.166586,40.611823,transport,,
399,85589795,-124.167537,40.61009,transport,,
400,85592254,-124.162074,40.502034,transport,,
401,85592451,-124.154996,40.500759,transport,,
402,,-124.1350988,40.44,transport,,
403,85597190,-124.134993,40.440832,transport,,
404,85600389,-124.175539,40.609261,transport,,
405,85600404,-124.17595,40.609701,transport,,
406,85600424,-124.175581,40.608728,transport,,
407,85600443,-124.174724,40.608692,transport,,
408,85605755,-124.119901,40.568653,transport,,
409,85605759,-124.119942,40.569017,transport,,
410,85605763,-124.1197,40.569865,transport,,
411,85605765,-124.153983,40.499872,transport,,
412,85605819,-124.153884,40.505816,transport,,
413,85608747,-124.215267,40.568514,transport,,
414,85608759,-124.215458,40.571141,transport,,
415,85608788,-124.221291,40.578953,transport,,
416,85608797,-124.224304,40.578859,transport,,
417,85610753,-124.1602078,40.5979699,transport,,
418,85610761,-124.1614893,40.598033,transport,,
419,85615714,-124.178628,40.616925,transport,,
420,85615857,-124.18617,40.618365,transport,,
421,85616153,-124.0981301,40.4962657,transport,,
422,85616120,-124.0980034,40.4992054,transport,,
423,85616430,-124.2098359,40.6268931,transport,,
424,85616455,-124.2069503,40.6278641,transport,,
425,85619957,-124.2109026,40.6213947,transport,,
426,85255932,-124.211736,40.622506,transport,,
427,85619979,-124.179371,40.620987,transport,,
428,85619989,-124.182021,40.619951,transport,,
429,85619995,-124.181094,40.620141,transport,,
430,85625352,-124.135412,40.546868,transport,,
431,85625361,-124.134432,40.539624,transport,,
432,85625670,-124.116962,40.568662,transport,,
433,85625686,-124.116212,40.567921,transport,,
434,85631842,-124.1056696,40.5050782,transport,,
435,85631846,-124.10964,40.505993,transport,,
436,85634158,-124.1290403,40.5480161,transport,,
437,85634176,-124.128922,40.547058,transport,,
438,85634930,-124.100249,40.54836,transport,,
439,85634962,-124.100738,40.548476,transport,,
440,85649906,-124.1807703,40.6060076,transport,,
441,85649918,-124.180771,40.607268,transport,,
442,84961398,-124.202035,40.57781,transport,,
443,85652181,-124.199403,40.577142,transport,,
444,85652197,-124.203724,40.584709,transport,,
445,85652201,-124.223217,40.598962,transport,,
446,85652229,-124.221205,40.595521,transport,,
447,85652420,-124.288845,40.444799,transport,,
448,85652481,-124.288195,40.446021,transport,,
449,373601234,-124.1419048,40.6041696,transport,,
450,85652999,-124.1419335,40.6039393,transport,,
451,85653761,-124.118806,40.569244,transport,,
452,85653763,-124.113163,40.569152,transport,,
453,85653766,-124.114571,40.56951,transport,,
454,85653770,-124.11306,40.56916,transport,,
455,85653790,-124.113483,40.572438,transport,,
456,85656238,-124.240367,40.577064,transport,,
457,85656246,-124.242254,40.5776,transport,,
458,85658346,-124.170936,40.602676,transport,,
459,85658376,-124.1697382,40.6018453,transport,,
460,85665588,-124.184065,40.619874,transport,,
461,85665901,-124.1201874,40.5870065,transport,,
462,85665921,-124.1198906,40.5863283,transport,,
463,85667177,-124.115168,40.568896,transport,,
464,85667195,-124.114561,40.56833,transport,,
465,85667542,-124.1698921,40.6039133,transport,,
466,85673184,-124.268118,40.606438,transport,,
467,85673206,-124.269444,40.61251,transport,,
468,85674323,-124.145634,40.531541,transport,,
469,85674332,-124.150569,40.531853,transport,,
470,85674363,-124.142614,40.531924,transport,,
471,85676864,-124.17557,40.608899,transport,,
472,85676876,-124.176308,40.608262,transport,,
473,85679533,-124.1401302,40.6033174,transport,,
474,85679538,-124.1395522,40.6033209,transport,,
475,85679570,-124.2616442,40.5745022,transport,,
476,85679575,-124.2619689,40.5744968,transport,,
477,85679923,-124.2616138,40.5744007,transport,,
478,85680403,-124.100947,40.554716,transport,,
479,85680404,-124.100362,40.554415,transport,,
480,85680493,-124.259368,40.561813,transport,,
481,85680519,-124.258043,40.562352,transport,,
482,85680589,-124.246973,40.568126,transport,,
483,85680638,-124.2423,40.566868,transport,,
484,85684303,-124.094765,40.499151,transport,,
485,85684316,-124.094455,40.49875,transport,,
486,85684330,-124.127209,40.481751,transport,,
487,85684348,-124.12942,40.481078,transport,,
488,85685187,-124.116833,40.507051,transport,,
489,85685197,-124.116019,40.506883,transport,,
490,85685200,-124.115457,40.506758,transport,,
491,85685421,-124.104306,40.491904,transport,,
492,85685429,-124.1037116,40.4914675,transport,,
493,85685855,-124.1411251,40.5685336,transport,,
494,85685858,-124.141754,40.568541,transport,,
495,4224138943,-124.151252,40.6029718,transport,,
496,85685878,-124.149655,40.602998,transport,,
497,85686009,-124.1644773,40.5991639,transport,,
498,85686033,-124.165303,40.602836,transport,,
499,85688843,-124.274268,40.613737,transport,,
500,85688846,-124.279154,40.613759,transport,,
501,1062940153,-124.3026522,40.6200993,transport,,
502,85688981,-124.178142,40.563171,transport,,
503,85688991,-124.178094,40.567122,transport,,
504,85689676,-124.1497205,40.5978638,transport,,
505,8380376826,-124.149521,40.600286,transport,,
506,85689682,-124.1387127,40.5665464,transport,,
507,85689683,-124.1401288,40.5665345,transport,,
508,85689694,-124.147507,40.5974832,transport,,
509,85689720,-124.1481925,40.5987503,transport,,
510,4644983230,-124.2551672,40.589138,transport,,
511,85691619,-124.2551914,40.5894384,transport,,
512,85691625,-124.2552864,40.5946493,transport,,
513,85692919,-124.204473,40.559097,transport,,
514,84961379,-124.202064,40.566829,transport,,
515,85696726,-124.1439726,40.5694026,transport,,
516,85696728,-124.1437217,40.5694033,transport,,
517,85696729,-124.1433361,40.5694022,transport,,
518,85696731,-124.1430019,40.5694005,transport,,
519,85696733,-124.1423753,40.5693978,transport,,
520,85696796,-124.1007567,40.493229,transport,,
521,85696801,-124.100922,40.493776,transport,,
522,85696807,-124.1017372,40.4945932,transport,,
523,85696810,-124.102314,40.495146,transport,,
524,85696813,-124.1033326,40.4961685,transport,,
525,85696815,-124.1044495,40.49731,transport,,
526,85696819,-124.1055652,40.4984322,transport,,
527,85696829,-124.1480233,40.587156,transport,,
528,85696830,-124.1486009,40.5871577,transport,,
529,85697204,-124.096,40.503089,transport,,
530,85697206,-124.096017,40.504707,transport,,
531,85697255,-124.256685,40.57444,transport,,
532,85992148,-124.2567218,40.577058,transport,,
533,85697368,-124.1430002,40.5689098,transport,,
534,85697416,-124.1408653,40.5835105,transport,,
535,85697435,-124.1419006,40.582536,transport,,
536,85697437,-124.1429644,40.5825365,transport,,
537,85697455,-124.1438836,40.582917,transport,,
538,85697611,-124.1313765,40.5629714,transport,,
539,85697613,-124.1313871,40.5652851,transport,,
540,85697620,-124.1314654,40.5669468,transport,,
541,85697914,-124.1462895,40.5588713,transport,,
542,85697917,-124.14654,40.5613343,transport,,
543,85697919,-124.1465989,40.5619224,transport,,
544,1971132050,-124.1467074,40.5629891,transport,,
545,373601738,-124.1479271,40.5757435,transport,,
546,85697965,-124.1487918,40.5792697,transport,,
547,8301661808,-124.1308,40.5700256,transport,,
548,85698165,-124.1307916,40.5701998,transport,,
549,85698166,-124.130756,40.5706501,transport,,
550,85698365,-124.1390358,40.6047559,transport,,
551,85698376,-124.137959,40.605463,transport,,
552,85698897,-124.1381716,40.5762471,transport,,
553,85698899,-124.1381665,40.5760259,transport,,
554,4196000160,-124.1382131,40.5756009,transport,,
555,85698913,-124.1266344,40.563932,transport,,
556,85698915,-124.1260857,40.5639368,transport,,
557,85698917,-124.1255231,40.5639335,transport,,
558,85698952,-124.095474,40.497487,transport,,
559,85698959,-124.094801,40.49782,transport,,
560,85698964,-124.095872,40.54738,transport,,
561,85698980,-124.095993,40.543683,transport,,
562,85698983,-124.098484,40.548574,transport,,
563,85698998,-124.097516,40.549946,transport,,
564,85699002,-124.097102,40.551054,transport,,
565,85699009,-124.096583,40.552207,transport,,
566,85699325,-124.1433593,40.5700859,transport,,
567,85699329,-124.1426289,40.5700887,transport,,
568,4229125115,-124.1426047,40.5702069,transport,,
569,85699332,-124.1433569,40.5698362,transport,,
570,85699756,-124.106117,40.504403,transport,,
571,85699762,-124.106998,40.504408,transport,,
572,85699988,-124.18131,40.577714,transport,,
573,85699990,-124.187717,40.577738,transport,,
574,85700071,-124.1544877,40.5954988,transport,,
575,85700073,-124.1555568,40.5955054,transport,,
576,85700074,-124.1566146,40.5955057,transport,,
577,85700076,-124.1575879,40.595507,transport,,
578,85700332,-124.1306127,40.5757085,transport,,
579,85700333,-124.1307972,40.5761386,transport,,
580,85700665,-124.250203,40.599032,transport,,
581,85700716,-124.260502,40.600617,transport,,
582,85700731,-124.105247,40.48375,transport,,
583,85373845,-124.104088,40.484534,transport,,
584,85700749,-124.1042346,40.4846617,transport,,
585,85700998,-124.1543557,40.6029842,transport,,
586,85701000,-124.1554837,40.6029891,transport,,
587,85701026,-124.107747,40.569606,transport,,
588,85701047,-124.108953,40.5679,transport,,
589,85701049,-124.111267,40.567911,transport,,
590,85701060,-124.111152,40.567351,transport,,
591,85701224,-124.1572533,40.6034655,transport,,
592,85701247,-124.1548353,40.6061454,transport,,
593,373601292,-124.1263117,40.599316,transport,,
594,85679470,-124.1338653,40.6047171,transport,,
595,85707110,-124.1029844,40.482007,transport,,
596,85707112,-124.1017842,40.4820635,transport,,
597,85707117,-124.1006929,40.4824841,transport,,
598,85707124,-124.1005084,40.4822835,transport,,
599,85707133,-124.1052116,40.496874,transport,,
600,85707137,-124.1037799,40.4976991,transport,,
601,85707139,-124.1030752,40.4980909,transport,,
602,85707141,-124.1023833,40.4984879,transport,,
603,85707151,-124.1017053,40.4992179,transport,,
604,85707195,-124.1543717,40.6024641,transport,,
605,85707203,-124.1555141,40.6024936,transport,,
606,85707221,-124.1565317,40.6013965,transport,,
607,85707468,-124.116691,40.552077,transport,,
608,85707501,-124.113719,40.554742,transport,,
609,85708761,-124.1251827,40.5638717,transport,,
610,85600793,-124.3751723,40.4544625,transport,,
611,85711584,-124.3665095,40.4653248,transport,,
612,85713275,-124.2788163,40.5403823,transport,,
613,85713747,-124.2693462,40.5734483,transport,,
614,85465679,-124.3700035,40.4690695,transport,,
615,85715840,-124.2837572,40.5098771,transport,,
616,85716917,-124.090049,40.539325,transport,,
617,,-124.09,40.5394232,transport,,
618,4195942395,-124.1641736,40.5969722,transport,,
619,85720428,-124.166382,40.5985312,transport,,
620,85720439,-124.102977,40.4805592,transport,,
621,8597461480,-124.1027319,40.4801713,transport,,
622,85720462,-124.263716,40.5780511,transport,,
623,85720464,-124.26372,40.57888,transport,,
624,85720515,-124.140196,40.546189,transport,,
625,85720518,-124.141236,40.546213,transport,,
626,85720519,-124.14176,40.546208,transport,,
627,85720662,-124.250156,40.616236,transport,,
628,85720666,-124.249542,40.616019,transport,,
629,85720762,-124.1087261,40.4959052,transport,,
630,85720764,-124.107224,40.496034,transport,,
631,85720766,-124.106332,40.496053,transport,,
632,86196548,-124.1047958,40.4964595,transport,,
633,85720894,-124.173157,40.60502,transport,,
634,85720950,-124.176806,40.604749,transport,,
635,85720956,-124.177833,40.605425,transport,,
636,85057094,-124.1463617,40.5770821,transport,,
637,4224608714,-124.1466781,40.5797709,transport,,signal
638,2592329496,-124.1466784,40.5798604,transport,,
639,9219495149,-124.1466702,40.583108,transport,,
640,85723233,-124.1468923,40.5781752,transport,,
641,85057106,-124.1474791,40.5764344,transport,,
642,85723619,-124.1548426,40.6086134,transport,,
643,85723646,-124.151678,40.609279,transport,,
644,85723653,-124.150408,40.60947,transport,,
645,85723676,-124.150013,40.610797,transport,,
646,85723827,-124.1679547,40.6008413,transport,,
647,85724241,-124.1281954,40.5767706,transport,,
648,85724251,-124.1274332,40.5758609,transport,,
649,85724327,-124.159209,40.511696,transport,,
650,85724360,-124.160198,40.509098,transport,,
651,85724366,-124.1196379,40.4887864,transport,,
652,85724396,-124.121416,40.49011,transport,,
653,85724468,-124.1810238,40.6061231,transport,,
654,85724706,-124.180412,40.624295,transport,,
655,85724720,-124.180884,40.624569,transport,,
656,85724763,-124.17984,40.627879,transport,,
657,,-124.1875764,40.63,transport,,
658,,-124.09,40.5646065,transport,,
659,85727285,-124.09237,40.5653,transport,,
660,85727351,-124.1407621,40.5880494,transport,,
661,85727353,-124.1407416,40.5861092,transport,,
662,85727400,-124.13391,40.5708292,transport,,
663,85727429,-124.1359597,40.5714061,transport,,
664,85731733,-124.104471,40.491052,transport,,
665,85731736,-124.1043809,40.4911908,transport,,
666,85723254,-124.146879,40.584719,transport,,
667,85723295,-124.1466775,40.5847198,transport,,
668,4224608774,-124.1465802,40.5847207,transport,,signal
669,85732530,-124.1429653,40.5847148,transport,,
670,85697411,-124.1408423,40.5847123,transport,,
671,85732537,-124.1397206,40.5846798,transport,,
672,85732550,-124.1380161,40.5839315,transport,,
673,85732583,-124.108708,40.502128,transport,,
674,85732585,-124.10767,40.502394,transport,,
675,85899103,-124.1070196,40.502597,transport,,
676,85733458,-124.161981,40.540825,transport,,
677,85733467,-124.163013,40.529572,transport,,
678,85001820,-124.211687,40.563227,transport,,
679,85734280,-124.211641,40.56712,transport,,
680,85734283,-124.226928,40.522178,transport,,
681,85124715,-124.211908,40.556441,transport,,
682,85306705,-124.210513,40.559059,transport,,
683,85738392,-124.1481996,40.5959505,transport,,
684,4195942126,-124.1484824,40.5968217,transport,,
685,85738515,-124.150531,40.5988067,transport,,
686,85738517,-124.1507393,40.5988089,transport,,
687,85738520,-124.1514618,40.5988097,transport,,
688,85738522,-124.1523022,40.5988136,transport,,
689,85738524,-124.1533822,40.5988138,transport,,
690,85738526,-124.1544746,40.5988304,transport,,
691,85738544,-124.1592203,40.5985596,transport,,
692,85738545,-124.1603389,40.598575,transport,,
693,85739888,-124.264589,40.581665,transport,,
694,85739890,-124.2643121,40.581833,transport,,
695,85740698,-124.1411222,40.5698713,transport,,
696,85740707,-124.1410017,40.5679716,transport,,
697,85740718,-124.1410112,40.5674702,transport,,
698,85740720,-124.141064,40.5669778,transport,,
699,85740730,-124.141814,40.5673977,transport,,
700,86196556,-124.1056447,40.4974503,transport,,
701,85740746,-124.106529,40.49819,transport,,
702,85740756,-124.107423,40.499094,transport,,
703,373602104,-124.1654911,40.6100209,transport,,
704,85741983,-124.1614727,40.6100625,transport,,
705,85742422,-124.155565,40.5069,transport,,
706,85742426,-124.156109,40.50653,transport,,
707,85742453,-124.158438,40.509996,transport,,
708,85742723,-124.109274,40.490175,transport,,
709,85742746,-124.1087495,40.4921562,transport,,
710,85742769,-124.106961,40.489103,transport,,
711,85743856,-124.1015973,40.4836787,transport,,
712,85743859,-124.1019698,40.4841714,transport,,
713,565302383,-124.1329075,40.573912,transport,,
714,85698176,-124.1308881,40.5725516,transport,,
715,85743877,-124.1294055,40.5725479,transport,,
716,85743879,-124.1274047,40.5725695,transport,,
717,85743880,-124.100203,40.481224,transport,,
718,85106654,-124.1000156,40.4824837,transport,,
719,85608715,-124.103488,40.549096,transport,,
720,85744061,-124.103413,40.550231,transport,,
721,85744208,-124.15428,40.509162,transport,,
722,85744215,-124.154437,40.508486,transport,,
723,85744230,-124.155365,40.509328,transport,,
724,85744251,-124.156478,40.510683,transport,,
725,85744257,-124.15498,40.509845,transport,,
726,85744264,-124.154365,40.505981,transport,,
727,85744277,-124.109826,40.50335,transport,,
728,85744281,-124.10895,40.503769,transport,,
729,8304794552,-124.262475,40.5749113,transport,,
730,85744290,-124.2621393,40.5751743,transport,,
731,8304794553,-124.2616626,40.5755583,transport,,
732,,-124.2063832,40.63,transport,,
733,85745745,-124.103063,40.547339,transport,,
734,3362622305,-124.1052609,40.5469028,transport,,
735,85745768,-124.122019,40.506138,transport,,
736,85745773,-124.121927,40.504927,transport,,
737,85746006,-124.1269801,40.571407,transport,,
738,85746010,-124.1249993,40.5714188,transport,,
739,85746025,-124.1412859,40.5483828,transport,,
740,85746028,-124.140235,40.548205,transport,,
741,373601272,-124.1354335,40.6047346,transport,,
742,373601212,-124.1401492,40.6047403,transport,,
743,85748416,-124.113297,40.513915,transport,,
744,85748543,-124.101925,40.49538,transport,,
745,373601811,-124.153859,40.5775261,transport,,
746,373601847,-124.154632,40.5806215,transport,,
747,8404863199,-124.1546063,40.5822125,transport,,
748,8404863194,-124.1545913,40.5832066,transport,,
749,8300141538,-124.154557,40.5854193,transport,,
750,85748571,-124.1545542,40.5858939,transport,,
751,85748628,-124.1570681,40.5900158,transport,,
752,85749684,-124.3334582,40.4593338,transport,,
753,85711630,-124.3676235,40.4661516,transport,,
754,8295426799,-124.1349934,40.5825782,transport,,
755,85749992,-124.1310726,40.582582,transport,,
756,85751370,-124.1387157,40.5689632,transport,,
757,85751373,-124.1372981,40.568965,transport,,
758,85759518,-124.1247423,40.5692826,transport,,
759,85759525,-124.1252906,40.5690118,transport,,
760,85759643,-124.1387224,40.568553,transport,,
761,85759648,-124.1398053,40.5685705,transport,,
762,85760013,-124.260442,40.5783021,transport,,
763,85760015,-124.2615913,40.5787485,transport,,
764,85760236,-124.1257913,40.5674579,transport,,
765,4194392713,-124.1259268,40.5676996,transport,,
766,85760301,-124.1259834,40.5686611,transport,,
767,85760319,-124.1266533,40.5676873,transport,,
768,85761338,-124.128043,40.506986,transport,,
769,85761350,-124.123678,40.507004,transport,,
770,85761351,-124.122961,40.506981,transport,,
771,85761352,-124.118967,40.507019,transport,,
772,85761357,-124.1087052,40.5045563,transport,,
773,85761378,-124.1100451,40.5040287,transport,,
774,85057090,-124.1453985,40.5774435,transport,,
775,85761800,-124.1453472,40.5782561,transport,,
776,85762685,-124.2706785,40.4500986,transport,,
777,85762764,-124.2838535,40.4543112,transport,,
778,85762766,-124.258292,40.4962242,transport,,
779,85762656,-124.2688116,40.4490392,transport,,
780,85763698,-124.2990536,40.4630623,transport,,
781,85600806,-124.31422,40.459974,transport,,
782,85763869,-124.315501,40.45884,transport,,
783,85767473,-124.1059719,40.498255,transport,,
784,11429165679,-124.264822,40.5788731,transport,,
785,85767701,-124.26593,40.5788704,transport,,
786,85767761,-124.102384,40.548846,transport,,
787,85767763,-124.103986,40.545201,transport,,
788,85767789,-124.101344,40.543465,transport,,
789,85767790,-124.100725,40.54363,transport,,
790,85660842,-124.1402647,40.577488,transport,,
791,85767842,-124.1402465,40.5762562,transport,,
792,85767844,-124.1402461,40.576049,transport,,
793,85768995,-124.141482,40.451325,transport,,
794,85769668,-124.230816,40.484604,transport,,
795,85769721,-124.2375493,40.490458,transport,,
796,85770320,-124.1543381,40.6061522,transport,,
797,85770632,-124.1380622,40.5801604,transport,,
798,85770643,-124.1000446,40.483058,transport,,
799,85770658,-124.099917,40.4838175,transport,,
800,85770647,-124.1004311,40.4835955,transport,,
801,85770663,-124.1267138,40.5701996,transport,,
802,85770667,-124.124779,40.5703002,transport,,
803,85770669,-124.1242121,40.5703197,transport,,
804,85770733,-124.1093343,40.5700404,transport,,
805,85770922,-124.2659786,40.581014,transport,,
806,85770935,-124.2643979,40.5814275,transport,,
807,4646497269,-124.2646249,40.5816888,transport,,
808,85770950,-124.2659966,40.5818263,transport,,
809,85771318,-124.105102,40.54952,transport,,
810,85771352,-124.109084,40.546576,transport,,
811,85771398,-124.107045,40.551785,transport,,
812,85771406,-124.2379595,40.5954007,transport,,
813,85771413,-124.2355648,40.59587,transport,,
814,85771424,-124.2309814,40.5977461,transport,,
815,85771485,-124.2055054,40.6098255,transport,,
816,85781949,-124.140833,40.596501,transport,,
817,85781980,-124.1407227,40.5957799,transport,,
818,85795647,-124.1374802,40.5637623,transport,,
819,4100576413,-124.137494,40.562982,transport,,
820,85795670,-124.1423204,40.5539295,transport,,
821,85795675,-124.1354089,40.5484204,transport,,
822,85795687,-124.135244,40.546716,transport,,
823,85167925,-124.1469546,40.5966696,transport,,
824,4224571347,-124.1468528,40.5963233,transport,,
825,85723318,-124.1466554,40.5920366,transport,,
826,8302045392,-124.1466612,40.5956963,transport,,
827,85796965,-124.197652,40.615814,transport,,
828,85796970,-124.198252,40.616007,transport,,
829,85796975,-124.199325,40.616358,transport,,
830,85796980,-124.200625,40.615864,transport,,
831,85797020,-124.100411,40.493172,transport,,
832,86093400,-124.0998492,40.4948061,transport,,
833,85799442,-124.09605,40.495807,transport,,
834,85799445,-124.096057,40.497472,transport,,
835,85799447,-124.096089,40.499142,transport,,
836,85801485,-124.1357375,40.577544,transport,,
837,85801486,-124.1354244,40.5780351,transport,,
838,85801653,-124.1568026,40.6052735,transport,,
839,85803287,-124.1506574,40.588558,transport,,
840,85803289,-124.1506558,40.587767,transport,,
841,85803294,-124.1503391,40.5885574,transport,,
842,85803303,-124.1503409,40.5908286,transport,,
843,85804656,-124.120931,40.506159,transport,,
844,85811079,-124.1422902,40.5699152,transport,,
845,85811085,-124.1417483,40.5699007,transport,,
846,85815444,-124.1179071,40.5522491,transport,,
847,85815458,-124.118128,40.551227,transport,,
848,85815532,-124.1300136,40.5791826,transport,,
849,85815537,-124.1279883,40.5791374,transport,,
850,85815557,-124.1232848,40.5782704,transport,,
851,85815583,-124.1203988,40.5788293,transport,,
852,85815616,-124.117615,40.5827873,transport,,
853,85815630,-124.1159156,40.5852359,transport,,
854,85815636,-124.1158579,40.5864224,transport,,
855,85815719,-124.1261329,40.5900651,transport,,
856,267310516,-124.1295034,40.5904532,transport,,
857,85815774,-124.1333096,40.5889537,transport,,
858,85815903,-124.1497911,40.5885588,transport,,
859,85815912,-124.1492241,40.587466,transport,,
860,85816006,-124.097484,40.547619,transport,,
861,85816014,-124.09874,40.54802,transport,,
862,85816016,-124.099469,40.548183,transport,,
863,85481058,-124.105862,40.556941,transport,,
864,85817180,-124.128093,40.511875,transport,,
865,85817189,-124.129819,40.512103,transport,,
866,85788874,-124.1496217,40.5242766,transport,,
867,85517182,-124.149438,40.524291,transport,,
868,85817845,-124.1496537,40.5929971,transport,,
869,85817857,-124.148162,40.593626,transport,,
870,4677049409,-124.2565468,40.5880259,transport,,
871,4677049417,-124.2622563,40.5880381,transport,,
872,4677259602,-124.266022,40.5880391,transport,,
873,4677259605,-124.2670896,40.5880424,transport,,
874,85818049,-124.1067499,40.495426,transport,,
875,85818073,-124.105908,40.493874,transport,,
876,85786546,-124.142833,40.519557,transport,,
877,85819253,-124.142688,40.520099,transport,,
878,85819256,-124.142696,40.520179,transport,,
879,85819259,-124.142577,40.520509,transport,,
880,85819267,-124.141495,40.520143,transport,,
881,85819283,-124.144173,40.520837,transport,,
882,85819287,-124.14491,40.520995,transport,,
883,85819294,-124.142859,40.520164,transport,,
884,85819305,-124.14398,40.521919,transport,,
885,4677373353,-124.2641611,40.5731831,transport,,
886,8304789544,-124.2643524,40.5733605,transport,,
887,4646244871,-124.2639696,40.5733511,transport,,
888,4646245339,-124.2633178,40.5718456,transport,,
889,85825160,-124.1440548,40.5993637,transport,,
890,8310378174,-124.144118,40.599869,transport,,
891,85826876,-124.1349723,40.577625,transport,,
892,85826877,-124.1341267,40.5777117,transport,,
893,85826965,-124.1326988,40.5652805,transport,,
894,85826966,-124.1339423,40.565287,transport,,
895,85826967,-124.1349159,40.5652783,transport,,
896,85826968,-124.1357406,40.5652846,transport,,
897,85826969,-124.1369391,40.5652809,transport,,
898,85826972,-124.1381694,40.5652819,transport,,
899,85826974,-124.1387179,40.565288,transport,,
900,85827003,-124.1030284,40.4810652,transport,,
901,85827005,-124.1016792,40.4811629,transport,,
902,85827088,-124.140221,40.547339,transport,,
903,85827089,-124.141233,40.547337,transport,,
904,85827153,-124.100103,40.546572,transport,,
905,85827163,-124.101587,40.546974,transport,,
906,85829128,-124.16353,40.528074,transport,,
907,85829250,-124.175622,40.528741,transport,,
908,85251047,-124.20354,40.502537,transport,,
909,85829604,-124.178556,40.528988,transport,,
910,85829761,-124.1074637,40.4992157,transport,,
911,86156312,-124.1061406,40.4992315,transport,,
912,85840133,-124.1366826,40.5660459,transport,,
913,85840134,-124.1366843,40.5670939,transport,,
914,85846793,-124.1279682,40.5717926,transport,,
915,85846807,-124.1277677,40.5709789,transport,,
916,85846814,-124.1537765,40.589319,transport,,
917,85846818,-124.1534008,40.5907785,transport,,
918,85846883,-124.1356936,40.5670999,transport,,
919,85846886,-124.1387107,40.5670931,transport,,
920,4645863632,-124.2567341,40.5865963,transport,,
921,4645011710,-124.2581651,40.5865973,transport,,
922,85847866,-124.221236,40.574065,transport,,
923,85847875,-124.215309,40.574229,transport,,
924,85847879,-124.127028,40.48073,transport,,
925,85848002,-124.124718,40.4858264,transport,,
926,85848762,-124.1679289,40.6003409,transport,,
927,85848784,-124.1679606,40.6020455,transport,,
928,85849030,-124.157595,40.594064,transport,,
929,85849039,-124.1566237,40.5940631,transport,,
930,85849045,-124.1555645,40.5940618,transport,,
931,85849053,-124.1544937,40.5940521,transport,,
932,85854165,-124.130527,40.5811619,transport,,
933,85854169,-124.1311794,40.5811686,transport,,
934,2988910970,-124.1362234,40.572476,transport,,
935,85854213,-124.1343778,40.571703,transport,,
936,85854217,-124.133901,40.57153,transport,,
937,85854489,-124.106467,40.506234,transport,,
938,85854508,-124.10698,40.507294,transport,,
939,85455935,-124.1143911,40.5856939,transport,,
940,85854576,-124.110697,40.5862181,transport,,
941,85856973,-124.100225,40.494146,transport,,
942,85856975,-124.099934,40.49431,transport,,
943,85859002,-124.125046,40.506847,transport,,
944,85859019,-124.124186,40.506866,transport,,
945,85859026,-124.124327,40.50607,transport,,
946,85859028,-124.125091,40.50606,transport,,
947,85860117,-124.159542,40.512286,transport,,
948,85860315,-124.163384,40.542105,transport,,
949,85861725,-124.1422222,40.5943202,transport,,
950,4228629649,-124.1425951,40.5936349,transport,,
951,85723265,-124.1468555,40.5920384,transport,,
952,85861746,-124.1488322,40.5922775,transport,,
953,85863693,-124.262467,40.576787,transport,,
954,85863694,-124.262705,40.576576,transport,,
955,85228575,-124.098815,40.4883693,transport,,
956,85864743,-124.0991542,40.4884117,transport,,
957,85864776,-124.1360254,40.5896494,transport,,
958,85731742,-124.1369273,40.589658,transport,,
959,2892074107,-124.1383726,40.589635,transport,,
960,85731740,-124.1398455,40.5896043,transport,,
961,85864784,-124.1369138,40.5907435,transport,,
962,85864792,-124.136871,40.5887567,transport,,
963,85867267,-124.097325,40.495926,transport,,
964,85867270,-124.09731,40.4991903,transport,,
965,85867273,-124.0971503,40.4991884,transport,,
966,85867278,-124.097115,40.501993,transport,,
967,85867280,-124.097107,40.503097,transport,,
968,85868828,-124.1423801,40.5680924,transport,,
969,85868840,-124.142105,40.5702025,transport,,
970,85878072,-124.2555766,40.5728407,transport,,
971,85869443,-124.255973,40.57444,transport,,
972,85873808,-124.1059639,40.4937483,transport,,
973,85873879,-124.1044649,40.4931924,transport,,
974,85873881,-124.1034097,40.4931942,transport,,
975,85873884,-124.1015496,40.4932021,transport,,
976,85874137,-124.128516,40.502618,transport,,
977,85874143,-124.127984,40.505449,transport,,
978,11429019999,-124.2629186,40.5745666,transport,,
979,11429019997,-124.26177,40.573598,transport,,
980,85878033,-124.2516661,40.5712416,transport,,
981,85873798,-124.1068116,40.4933128,transport,,
982,85879092,-124.1074929,40.4953586,transport,,
983,85882381,-124.1352219,40.5720086,transport,,
984,85882678,-124.1341118,40.5782082,transport,,
985,85882687,-124.1342894,40.5788086,transport,,
986,85882689,-124.1346017,40.5792485,transport,,
987,85882768,-124.1010768,40.4949816,transport,,
988,85882773,-124.1026603,40.4965582,transport,,
989,85882775,-124.1048759,40.4988281,transport,,
990,85467209,-124.105185,40.4992271,transport,,
991,85649880,-124.1488419,40.5858972,transport,,
992,85882784,-124.1480297,40.5859468,transport,,
993,85723256,-124.1468752,40.5859519,transport,,
994,85723296,-124.1466744,40.5859487,transport,,
995,85882787,-124.1456305,40.585947,transport,,
996,85882794,-124.1445483,40.586102,transport,,
997,85882797,-124.1435865,40.5860975,transport,,
998,85882799,-124.1426373,40.5861011,transport,,
999,85882802,-124.1416911,40.5861049,transport,,
1000,85882805,-124.1397036,40.5861131,transport,,
1001,85882811,-124.1364762,40.5863089,transport,,
1002,85882822,-124.1369311,40.5861116,transport,,
1003,85882828,-124.1356223,40.5863115,transport,,
1004,373601533,-124.1339406,40.5629855,transport,,
1005,85884411,-124.1339771,40.568269,transport,,
1006,85884416,-124.1340175,40.5702002,transport,,
1007,85685883,-124.149624,40.604019,transport,,
1008,85887413,-124.141714,40.6080697,transport,,
1009,85888144,-124.140195,40.545071,transport,,
1010,85888225,-124.221338,40.583614,transport,,
1011,85888246,-124.213386,40.583972,transport,,
1012,85888905,-124.192761,40.591637,transport,,
1013,85888923,-124.193106,40.594846,transport,,
1014,85446579,-124.098638,40.550031,transport,,
1015,85889312,-124.1474291,40.5959043,transport,,
1016,85889354,-124.1487614,40.5968814,transport,,
1017,85890975,-124.1012163,40.5002451,transport,,
1018,85890979,-124.1005797,40.5002481,transport,,
1019,85890985,-124.183822,40.619765,transport,,
1020,4100576412,-124.1385308,40.5629829,transport,,
1021,85894702,-124.1385365,40.5636532,transport,,
1022,85894704,-124.1385347,40.5637636,transport,,
1023,85894711,-124.1387116,40.5673537,transport,,
1024,85894712,-124.1387214,40.5680341,transport,,
1025,85894714,-124.1387165,40.5693066,transport,,
1026,85992646,-124.1387271,40.5702175,transport,,
1027,85896292,-124.34911,40.536895,transport,,
1028,85647952,-124.349665,40.55747,transport,,
1029,85899052,-124.0976214,40.5030321,transport,,
1030,85899058,-124.0981793,40.5030387,transport,,
1031,85899064,-124.0988145,40.5030387,transport,,
1032,85899074,-124.0998959,40.5030387,transport,,
1033,85899077,-124.1004195,40.5030582,transport,,
1034,85899247,-124.1544954,40.5921577,transport,,
1035,85899277,-124.154494,40.5928195,transport,,
1036,85826884,-124.13066,40.5778662,transport,,
1037,85899584,-124.1309329,40.578384,transport,,
1038,85899941,-124.1456317,40.5871583,transport,,
1039,85723299,-124.1466758,40.5871519,transport,,
1040,85723257,-124.1468742,40.5871565,transport,,
1041,85902044,-124.1454179,40.561927,transport,,
1042,85748409,-124.1364363,40.6029502,transport,,
1043,85902734,-124.1364293,40.6047405,transport,,
1044,85908968,-124.255726,40.5793,transport,,
1045,85908974,-124.2579217,40.5792942,transport,,
1046,85909120,-124.1780196,40.6051439,transport,,
1047,85909162,-124.173085,40.608567,transport,,
1048,85909182,-124.171694,40.609746,transport,,
1049,85909932,-124.230756,40.572992,transport,,
1050,85909949,-124.226612,40.582627,transport,,
1051,85816090,-124.106385,40.556871,transport,,
1052,85910274,-124.110242,40.556383,transport,,
1053,85915302,-124.124317,40.505638,transport,,
1054,85915406,-124.1401688,40.567356,transport,,
1055,3344883593,-124.1528782,40.6075737,transport,,
1056,85916843,-124.1674916,40.6089899,transport,,
1057,85916863,-124.16147,40.6091051,transport,,
1058,85918153,-124.1314478,40.5774212,transport,,
1059,85918156,-124.1307521,40.5774439,transport,,
1060,4677259607,-124.2660253,40.5843424,transport,,
1061,4677049398,-124.2609572,40.5843888,transport,,
1062,4645956310,-124.2597262,40.5843776,transport,,
1063,4677244823,-124.2584347,40.5843408,transport,,
1064,11429020001,-124.2579293,40.5843431,transport,,
1065,85919358,-124.260941,40.5834655,transport,,
1066,85919364,-124.106005,40.49474,transport,,
1067,85919369,-124.10436,40.494742,transport,,
1068,85919442,-124.092411,40.554101,transport,,
1069,85919536,-124.094427,40.557428,transport,,
1070,85919547,-124.093494,40.558402,transport,,
1071,85919611,-124.097022,40.562983,transport,,
1072,85919874,-124.109957,40.503475,transport,,
1073,85920010,-124.116573,40.500568,transport,,
1074,85920013,-124.116577,40.498225,transport,,
1075,85920036,-124.117819,40.500288,transport,,
1076,85921714,-124.2577796,40.577054,transport,,
1077,85921716,-124.2577649,40.5761979,transport,,
1078,85921842,-124.107027,40.505657,transport,,
1079,11429020000,-124.2574579,40.5825213,transport,,
1080,4645956318,-124.2598022,40.5825159,transport,,
1081,85921955,-124.24015,40.568694,transport,,
1082,85921961,-124.240237,40.572544,transport,,
1083,85922010,-124.239439,40.58759,transport,,
1084,8301600919,-124.131946,40.5746087,transport,,
1085,85922982,-124.1323856,40.5746083,transport,,
1086,4677373370,-124.263039,40.569759,transport,,
1087,85923027,-124.265526,40.567634,transport,,
1088,85923034,-124.257069,40.560139,transport,,
1089,85923195,-124.262854,40.571837,transport,,
1090,477914962,-124.2636044,40.5737073,transport,,
1091,4646244869,-124.2644317,40.5744482,transport,,
1092,86123941,-124.265522,40.5751618,transport,,
1093,85923810,-124.1417068,40.5880479,transport,,
1094,85924525,-124.1411069,40.5906767,transport,,
1095,2892074106,-124.1392128,40.5888318,transport,,
1096,85897262,-124.312292,40.581976,transport,,
1097,85683183,-124.3127435,40.5880157,transport,,
1098,85889161,-124.096127,40.553528,transport,,
1099,85928885,-124.094576,40.554481,transport,,
1100,85928900,-124.093642,40.554995,transport,,
1101,85929127,-124.1430323,40.5681608,transport,,
1102,85929204,-124.1298903,40.5787582,transport,,
1103,85929207,-124.1302757,40.580182,transport,,
1104,267594008,-124.1306348,40.5815793,transport,,
1105,8295878117,-124.1307253,40.5819416,transport,,
1106,85929303,-124.2309847,40.5990797,transport,,
1107,85929305,-124.2266916,40.5990894,transport,,
1108,85929492,-124.263382,40.578884,transport,,
1109,85929497,-124.2630095,40.5792917,transport,,
1110,85934235,-124.1398184,40.5680408,transport,,
1111,85935522,-124.17447,40.613365,transport,,
1112,85935622,-124.179738,40.607101,transport,,
1113,85939416,-124.105685,40.545642,transport,,
1114,85350931,-124.1907097,40.612445,transport,,
1115,85939544,-124.192116,40.617436,transport,,
1116,85939549,-124.1912,40.618027,transport,,
1117,85939557,-124.192881,40.617154,transport,,
1118,85939574,-124.191817,40.618424,transport,,
1119,85940576,-124.171623,40.555948,transport,,
1120,85940591,-124.172179,40.562274,transport,,
1121,85940592,-124.173436,40.562414,transport,,
1122,85940621,-124.187779,40.564921,transport,,
1123,85940635,-124.192441,40.565774,transport,,
1124,85940659,-124.197347,40.566793,transport,,
1125,85940733,-124.22124,40.571002,transport,,
1126,85940791,-124.249872,40.571276,transport,,
1127,85940844,-124.1303278,40.5482508,transport,,
1128,85940929,-124.129431,40.539841,transport,,
1129,85941844,-124.258783,40.574414,transport,,
1130,85942229,-124.1351728,40.5786534,transport,,
1131,85942233,-124.1356881,40.5793784,transport,,
1132,85943805,-124.311528,40.542307,transport,,
1133,85944141,-124.335493,40.564065,transport,,
1134,85945797,-124.141182,40.545099,transport,,
1135,85945802,-124.141807,40.545123,transport,,
1138,85106752,-124.1027958,40.4789348,transport,,
1139,85106763,-124.102671,40.479222,transport,,
1140,85945963,-124.133268,40.5984631,transport,,
1141,85945978,-124.1313679,40.5989487,transport,,
1142,8616371542,-124.102252,40.4827007,transport,,
1143,85949847,-124.1301792,40.5645723,transport,,
1144,85949849,-124.1285176,40.5645731,transport,,
1145,85949852,-124.127249,40.5645717,transport,,
1146,85929168,-124.1266259,40.5645695,transport,,
1147,85952086,-124.1398146,40.5692906,transport,,
1148,85952193,-124.09944,40.557917,transport,,
1149,85952310,-124.285836,40.538479,transport,,
1150,85952528,-124.2663798,40.576307,transport,,
1151,85952795,-124.1602358,40.5963609,transport,,
1152,85952801,-124.1602253,40.5971654,transport,,
1153,8377490558,-124.1601823,40.5983037,transport,,
1154,85113788,-124.106762,40.482983,transport,,
1155,85952820,-124.1058928,40.4826152,transport,,
1156,85953124,-124.227993,40.60637,transport,,
1157,85953135,-124.250186,40.606355,transport,,
1158,85953152,-124.26464,40.606424,transport,,
1159,85953162,-124.274277,40.606486,transport,,
1160,85953199,-124.158056,40.504938,transport,,
1161,86065023,-124.2659688,40.5762649,transport,,
1162,85953753,-124.2659154,40.5773318,transport,,
1163,11429165687,-124.2659306,40.578045,transport,,
1164,85953858,-124.1026354,40.4782899,transport,,
1165,85160204,-124.1013813,40.4783793,transport,,
1166,85953930,-124.233476,40.5897,transport,,
1167,85953957,-124.226204,40.591782,transport,,
1168,85953962,-124.216738,40.591756,transport,,
1169,85826878,-124.1333618,40.5777601,transport,,
1170,85955166,-124.1334912,40.5771596,transport,,
1171,85956196,-124.10128,40.505153,transport,,
1172,85956201,-124.101289,40.505697,transport,,
1173,85956220,-124.100065,40.50609,transport,,
1174,85957803,-124.1355104,40.5885818,transport,,
1175,85957807,-124.135506,40.5880594,transport,,
1176,85929234,-124.1358225,40.5904962,transport,,
1177,85113783,-124.107171,40.482461,transport,,
1178,85957906,-124.106528,40.4821984,transport,,
1179,85113786,-124.106973,40.482706,transport,,
1180,85957911,-124.1062565,40.4823873,transport,,
1181,85957959,-124.1592623,40.5957012,transport,,
1182,85957961,-124.1592686,40.5963511,transport,,
1183,85957962,-124.1592567,40.5971608,transport,,
1184,85957965,-124.1592277,40.5980989,transport,,
1185,85738538,-124.159216,40.598759,transport,,
1186,85957967,-124.1592125,40.5993698,transport,,
1187,85957969,-124.1592046,40.6000785,transport,,
1188,85961078,-124.2623904,40.5936861,transport,,
1189,1971131908,-124.1464245,40.5507416,transport,,
1190,85962332,-124.1485291,40.5507671,transport,,
1191,85963526,-124.130722,40.5550441,transport,,
1192,85963533,-124.1307154,40.5553019,transport,,
1193,85963660,-124.125557,40.552364,transport,,
1194,85963634,-124.1256703,40.5524442,transport,,
1195,85929249,-124.1410564,40.5936233,transport,,
1196,85964941,-124.1404591,40.5942192,transport,,
1197,85965718,-124.1614856,40.598564,transport,,
1198,85965720,-124.161468,40.5994131,transport,,
1199,85965722,-124.161462,40.6001898,transport,,
1200,8600733544,-124.1022061,40.4776038,transport,,
1201,85965804,-124.101326,40.477805,transport,,
1202,85966234,-124.2629519,40.5757617,transport,,
1203,85966235,-124.2639086,40.5764814,transport,,
1204,85966241,-124.1294115,40.5717971,transport,,
1205,85967129,-124.238282,40.452696,transport,,
1206,85817877,-124.269475,40.588036,transport,,
1207,85974560,-124.2696136,40.5939234,transport,,
1208,85974581,-124.2743334,40.5896958,transport,,
1209,85974591,-124.274257,40.594255,transport,,
1210,85975133,-124.109734,40.545291,transport,,
1211,85975787,-124.155093,40.6089831,transport,,
1212,4815191975,-124.2502333,40.5952651,transport,,
1213,85976848,-124.257576,40.619352,transport,,
1214,4230906187,-124.1244188,40.5630555,transport,,
1215,4230908017,-124.1213696,40.5653082,transport,,
1216,85978054,-124.198087,40.55518,transport,,
1217,2892074711,-124.1226295,40.5581348,transport,,
1218,85978970,-124.1220306,40.5581289,transport,,
1219,2892074712,-124.1270047,40.5581164,transport,,
1220,85978975,-124.1231457,40.5581385,transport,,
1221,85979045,-124.1212927,40.5581158,transport,,
1222,85983891,-124.1326924,40.5676978,transport,,
1223,85983906,-124.1356865,40.5682783,transport,,
1224,85984096,-124.2683063,40.5780422,transport,,
1225,85984098,-124.2683113,40.578658,transport,,
1226,85984995,-124.1012335,40.4927863,transport,,
1227,85985523,-124.1272609,40.5641049,transport,,
1228,85929175,-124.126634,40.5657514,transport,,
1229,85987040,-124.129628,40.565751,transport,,
1230,85987125,-124.184895,40.62179,transport,,
1231,85987133,-124.184744,40.621563,transport,,
1232,85987154,-124.186596,40.622614,transport,,
1233,85987159,-124.092768,40.546659,transport,,
1234,85388256,-124.092513,40.548732,transport,,
1235,85987168,-124.092518,40.550594,transport,,
1236,,-124.09,40.5556086,transport,,
1237,2892074121,-124.1356115,40.5847973,transport,,
1238,85929215,-124.1314124,40.5847837,transport,,
1239,85816173,-124.121214,40.5544063,transport,,
1240,85609642,-124.1196268,40.5542898,transport,,
1241,85990752,-124.1401456,40.6064798,transport,,
1242,4224269587,-124.1401475,40.6039522,transport,,
1243,85990476,-124.1401304,40.6013933,transport,,
1244,85990421,-124.1453586,40.5968377,transport,,
1245,85992077,-124.1429638,40.5842551,transport,,
1246,85992079,-124.1429667,40.5836434,transport,,
1247,85221544,-124.1608982,40.6001831,transport,,
1248,85656256,-124.2500074,40.5770713,transport,,
1249,85992151,-124.2588248,40.5770543,transport,,
1250,85992158,-124.2596814,40.5770863,transport,,
1251,85992160,-124.2597383,40.5771286,transport,,
1252,86049480,-124.2609581,40.5775702,transport,,
1253,85992230,-124.1513945,40.5885665,transport,,
1254,85992234,-124.1513858,40.5908186,transport,,
1255,85992728,-124.1432207,40.5738468,transport,,
1256,85992726,-124.1423228,40.5728295,transport,,
1257,2988910960,-124.1418078,40.5722441,transport,,
1258,85992712,-124.1409515,40.5712669,transport,,
1260,,-124.2631961,40.44,transport,,
1261,85995595,-124.287142,40.444323,transport,,
1262,,-124.2877444,40.44,transport,,
1263,85997581,-124.101458,40.49265,transport,,
1264,85945821,-124.2647988,40.5773405,transport,,
1265,85998310,-124.1556629,40.6004543,transport,,
1266,4224123220,-124.1556744,40.6005617,transport,,
1267,4224123226,-124.1552949,40.6007108,transport,,
1268,86003521,-124.1238489,40.5698796,transport,,
1269,86004628,-124.2745703,40.5953263,transport,,
1270,86004633,-124.274472,40.595598,transport,,
1271,86004673,-124.274279,40.615863,transport,,
1272,86004766,-124.1435952,40.5880456,transport,,
1273,85257935,-124.1449756,40.5982848,transport,,
1274,86005410,-124.1440469,40.5989708,transport,,
1275,86006449,-124.097211,40.504357,transport,,
1276,85816144,-124.116806,40.552094,transport,,
1277,9424505906,-124.1176772,40.5499099,transport,,
1278,4645863626,-124.2584369,40.585468,transport,,
1279,86008169,-124.1285105,40.5629901,transport,,
1280,86008214,-124.126715,40.50797,transport,,
1281,85899099,-124.1054503,40.5030464,transport,,
1282,86009600,-124.105769,40.503716,transport,,
1283,85929202,-124.1288553,40.5761384,transport,,
1284,86009610,-124.1301644,40.5758205,transport,,
1285,86009623,-124.1322979,40.5755466,transport,,
1286,86196544,-124.1038329,40.4954941,transport,,
1287,86009749,-124.1043477,40.4954238,transport,,
1288,86009752,-124.1061657,40.4954236,transport,,
1289,86010905,-124.136933,40.5643424,transport,,
1290,86010936,-124.096609,40.534471,transport,,
1291,86010968,-124.098683,40.533836,transport,,
1292,86011139,-124.1144147,40.5458899,transport,,
1293,,-124.09,40.5324229,transport,,
1294,86011258,-124.1400155,40.5923893,transport,,
1295,86011261,-124.1409983,40.5928085,transport,,
1296,86011266,-124.235437,40.445447,transport,,
1297,85873683,-124.1203192,40.4884661,transport,,
1298,86011824,-124.1207725,40.4888353,transport,,
1299,86019528,-124.109264,40.502724,transport,,
1300,86019531,-124.108367,40.503178,transport,,
1301,86019565,-124.173281,40.607398,transport,,
1302,86019570,-124.172913,40.6077,transport,,
1303,86020010,-124.1432569,40.5711302,transport,,
1304,86020013,-124.1436016,40.5711313,transport,,
1305,86020069,-124.1435939,40.5702073,transport,,
1306,86020085,-124.133522,40.5788978,transport,,
1307,86021148,-124.1312139,40.5801726,transport,,
1308,2988910937,-124.1317423,40.5702033,transport,,
1309,86021804,-124.1325533,40.5701995,transport,,
1310,86021806,-124.135686,40.5701931,transport,,
1311,86021809,-124.1372979,40.5701952,transport,,
1312,86021867,-124.259655,40.5764756,transport,,
1313,86022154,-124.091049,40.548253,transport,,
1314,86022156,-124.090897,40.548138,transport,,
1315,86022180,-124.091039,40.546264,transport,,
1316,86022371,-124.1397007,40.5880508,transport,,
1317,85873642,-124.1242674,40.4862364,transport,,
1318,85645677,-124.128294,40.494024,transport,,
1319,86022974,-124.12959,40.498252,transport,,
1320,86024125,-124.1247525,40.569876,transport,,
1321,4194392714,-124.125863,40.569853,transport,,
1322,85826880,-124.1323957,40.5777996,transport,,
1323,86024935,-124.1325951,40.576844,transport,,
1324,86027771,-124.141169,40.544388,transport,,
1325,86027783,-124.1412841,40.5485578,transport,,
1326,86029097,-124.19371,40.55698,transport,,
1327,86029136,-124.19263,40.558594,transport,,
1328,86029216,-124.19369,40.555751,transport,,
1329,8105364577,-124.10298,40.4805887,transport,,
1330,85946462,-124.1027628,40.4832071,transport,,
1331,86029686,-124.102364,40.4840003,transport,,
1332,11429189796,-124.2548868,40.5893599,transport,,
1333,86030204,-124.2485985,40.5943358,transport,,
1334,86030612,-124.1381329,40.596814,transport,,
1335,86030633,-124.139239,40.595483,transport,,
1336,86032442,-124.1538524,40.5630177,transport,,
1337,5361673596,-124.1483939,40.5630245,transport,,
1338,86032602,-124.13596,40.5764019,transport,,
1339,86032637,-124.1329097,40.5756281,transport,,
1340,86033450,-124.1407247,40.5965001,transport,,
1341,85929254,-124.1432508,40.5949358,transport,,
1342,85963551,-124.1307305,40.557715,transport,,
1343,86034247,-124.1034254,40.4936485,transport,,
1344,86034250,-124.103382,40.4928631,transport,,
1345,86035880,-124.1526473,40.5774094,transport,,
1346,85929174,-124.1266244,40.5649766,transport,,
1347,86036175,-124.1291885,40.5652333,transport,,
1348,86036631,-124.1361319,40.5964158,transport,,
1349,86036668,-124.1398579,40.5965522,transport,,
1350,86036702,-124.172037,40.568404,transport,,
1351,86036710,-124.171363,40.568782,transport,,
1352,86036721,-124.171437,40.56826,transport,,
1353,86049463,-124.2612976,40.5770748,transport,,
1354,86030142,-124.262283,40.5777886,transport,,
1355,85945824,-124.264818,40.578048,transport,,
1356,85897393,-124.2694212,40.5781049,transport,,
1357,86037093,-124.1071938,40.5014225,transport,,
1358,85826881,-124.1318929,40.577821,transport,,
1359,86037610,-124.1317698,40.5787351,transport,,
1360,85239080,-124.102002,40.483356,transport,,
1361,86049365,-124.1449769,40.5610061,transport,,
1362,86049398,-124.2666005,40.5739993,transport,,
1363,86049441,-124.2651247,40.5737878,transport,,
1364,2988910972,-124.1371089,40.5726468,transport,,
1365,1971131889,-124.146872,40.54866,transport,,
1366,1971131884,-124.1457109,40.5486331,transport,,
1367,86061471,-124.2584422,40.5932582,transport,,
1368,86004623,-124.2749566,40.5945466,transport,,
1369,86061556,-124.284167,40.59526,transport,,
1370,86061576,-124.285702,40.595299,transport,,
1371,86062670,-124.27741,40.57038,transport,,
1372,86062709,-124.277508,40.574328,transport,,
1373,85897363,-124.2789048,40.5808963,transport,,
1374,86062771,-124.1502177,40.5971186,transport,,
1375,86062775,-124.1512577,40.5971216,transport,,
1376,86062778,-124.1523182,40.5971229,transport,,
1377,86062781,-124.1533944,40.5971289,transport,,
1378,86062784,-124.1544836,40.5971357,transport,,
1379,86062787,-124.1555662,40.5971476,transport,,
1380,4222942539,-124.1565508,40.5971529,transport,,
1381,86063541,-124.1435935,40.5744892,transport,,
1382,4196000153,-124.1437267,40.5744125,transport,,
1383,86063565,-124.1460366,40.5752104,transport,,
1384,86063586,-124.1065431,40.4966996,transport,,
1385,353576313,-124.1053068,40.4969786,transport,,
1386,86049445,-124.2638245,40.5750634,transport,,
1387,86030131,-124.2648953,40.5757026,transport,,
1388,86065516,-124.1472104,40.5989861,transport,,
1389,86185101,-124.1411791,40.5656295,transport,,
1390,4100576384,-124.1416522,40.5647468,transport,,
1391,8301615686,-124.1295746,40.5680015,transport,,
1392,8301649236,-124.1297113,40.568741,transport,,
1393,85929195,-124.1279587,40.5739315,transport,,
1394,86085762,-124.1298294,40.5739166,transport,,
1395,86085766,-124.1310202,40.5739136,transport,,
1396,86085768,-124.1324103,40.5739101,transport,,
1397,565302382,-124.1335186,40.5739109,transport,,
1398,2892074136,-124.1342509,40.5739073,transport,,
1399,86085791,-124.1353334,40.5739657,transport,,
1400,86087724,-124.1358747,40.5786509,transport,,
1401,86089071,-124.111312,40.570603,transport,,
1402,86089099,-124.109821,40.57107,transport,,
1403,86089120,-124.10941,40.571794,transport,,
1404,300815670,-124.2364231,40.5954121,transport,,
1405,86091519,-124.2354565,40.5954399,transport,,
1406,86091526,-124.2310281,40.5959278,transport,,
1407,86093301,-124.1038876,40.4992161,transport,,
1408,86093320,-124.1019604,40.4969639,transport,,
1409,86093324,-124.101729,40.496683,transport,,
1410,86093394,-124.100738,40.495736,transport,,
1411,86093398,-124.1003829,40.4953896,transport,,
1412,86093411,-124.1438062,40.585272,transport,,
1413,86093422,-124.1456345,40.585283,transport,,
1414,86093428,-124.1492885,40.5846439,transport,,
1415,86093435,-124.1480222,40.5846436,transport,,
1416,86196541,-124.1030503,40.4946992,transport,,
1417,86096241,-124.1043698,40.4941195,transport,,
1418,86096245,-124.1058838,40.4941059,transport,,
1419,86096254,-124.1478258,40.5967407,transport,,
1420,86096679,-124.1544159,40.6002652,transport,,
1421,86096706,-124.1533676,40.6002732,transport,,
1422,86096714,-124.1523108,40.6002926,transport,,
1423,86096793,-124.155612,40.600389,transport,,
1424,85975644,-124.157563,40.6003622,transport,,
1425,86096847,-124.1584759,40.6002734,transport,,
1426,86096937,-124.1356845,40.5692453,transport,,
1427,2988910935,-124.1362195,40.569252,transport,,
1428,86101955,-124.106672,40.497084,transport,,
1429,86101970,-124.108124,40.501151,transport,,
1430,86102566,-124.1445616,40.5880485,transport,,
1431,86102569,-124.14456,40.5885987,transport,,
1432,85698174,-124.1308685,40.5718016,transport,,
1433,85929193,-124.1271048,40.5717934,transport,,
1434,86108260,-124.178787,40.555475,transport,,
1435,84961394,-124.202068,40.57462,transport,,
1436,86112632,-124.209205,40.579177,transport,,
1437,86112654,-124.1354415,40.5941866,transport,,
1438,86112693,-124.1332637,40.5972261,transport,,
1439,86112717,-124.1371407,40.5987991,transport,,
1440,86032545,-124.132686,40.5629762,transport,,
1441,86114755,-124.305744,40.611192,transport,,
1442,85788944,-124.1291494,40.5142516,transport,,
1443,85788916,-124.1429191,40.5194308,transport,,
1444,1479022919,-124.2222159,40.613607,transport,,
1445,86118633,-124.1417474,40.5680395,transport,,
1446,86118727,-124.105907,40.544415,transport,,
1447,86119602,-124.094909,40.495882,transport,,
1448,86119653,-124.094125,40.497035,transport,,
1449,86121821,-124.1111258,40.5786061,transport,,
1450,86121834,-124.2597291,40.5784607,transport,,
1451,86121836,-124.258166,40.5785052,transport,,
1452,85992660,-124.1408174,40.5713427,transport,,
1453,86122174,-124.1421539,40.5710069,transport,,
1454,86122239,-124.1523524,40.600591,transport,,
1455,86122252,-124.1535521,40.6009646,transport,,
1456,4230908033,-124.1266405,40.5671225,transport,,
1457,86123290,-124.1302864,40.5658123,transport,,
1458,86123701,-124.098997,40.553671,transport,,
1459,86123735,-124.096942,40.55258,transport,,
1460,86123793,-124.143616,40.594662,transport,,
1461,3586101411,-124.1442921,40.594978,transport,,
1462,86123800,-124.1444,40.595027,transport,,
1463,86123915,-124.2670579,40.5735423,transport,,
1464,86124199,-124.1273013,40.5878344,transport,,
1465,86124406,-124.150896,40.604478,transport,,
1466,85786945,-124.1752247,40.603461,transport,,
1467,85897354,-124.2838159,40.581483,transport,,
1468,86127083,-124.2839313,40.5878364,transport,,
1469,86129917,-124.1364772,40.5880596,transport,,
1470,85771497,-124.2019416,40.6159544,transport,,
1471,86130787,-124.2003487,40.6155333,transport,,
1472,85826882,-124.1314663,40.5778357,transport,,
1473,86130874,-124.1315631,40.5768014,transport,,
1474,8301591399,-124.1319202,40.5761981,transport,,
1475,86130891,-124.096231,40.555156,transport,,
1476,85037992,-124.1389887,40.5931128,transport,,
1477,86130892,-124.1389418,40.5934828,transport,,
1478,85909153,-124.174783,40.607544,transport,,
1479,86134105,-124.174447,40.609591,transport,,
1480,86134204,-124.2789202,40.6257779,transport,,
1481,,-124.2789315,40.63,transport,,
1482,86134259,-124.1465841,40.5735609,transport,,
1483,86136901,-124.279129,40.615928,transport,,
1484,86139210,-124.118936,40.506198,transport,,
1485,85723292,-124.1466735,40.5837093,transport,,
1486,85723249,-124.1468808,40.5837095,transport,,
1487,2592329537,-124.1474307,40.583761,transport,,
1488,86139595,-124.09421,40.497506,transport,,
1489,86139988,-124.1419122,40.5842568,transport,,
1490,86139990,-124.1375049,40.58806,transport,,
1491,86139993,-124.1426458,40.5880404,transport,,
1492,86141243,-124.134535,40.5873839,transport,,
1493,86141247,-124.1346057,40.5866334,transport,,
1494,86127049,-124.1796699,40.6056645,transport,,
1495,86141336,-124.178498,40.612774,transport,,
1496,86144040,-124.1219159,40.5673613,transport,,
1497,86141791,-124.1227591,40.5675331,transport,,
1498,,-124.09,40.5672055,transport,,
1499,86144270,-124.092267,40.56719,transport,,
1500,85118172,-124.17212,40.4840146,transport,,
1501,86152773,-124.105304,40.507036,transport,,
1502,86153458,-124.260552,40.575373,transport,,
1503,86153460,-124.2612398,40.5758988,transport,,
1504,86049453,-124.2620279,40.5764683,transport,,
1505,86030139,-124.2630039,40.5771814,transport,,
1506,86153475,-124.101115,40.503827,transport,,
1507,86153487,-124.100935,40.504534,transport,,
1508,86155219,-124.1298515,40.5750618,transport,,
1509,85922980,-124.1298406,40.5746148,transport,,
1510,85732569,-124.135514,40.583058,transport,,
1511,85749989,-124.1355144,40.5825799,transport,,
1512,3564002705,-124.1355003,40.5816722,transport,,
1513,86155562,-124.1432745,40.5888445,transport,,
1514,86155569,-124.1432947,40.5906142,transport,,
1515,86156071,-124.169784,40.608191,transport,,
1516,85945856,-124.101476,40.47929,transport,,
1517,85720441,-124.10157,40.480226,transport,,
1518,86156318,-124.1030399,40.4992088,transport,,
1519,86156320,-124.1012502,40.4992168,transport,,
1520,85292628,-124.1002747,40.4992176,transport,,
1521,86156322,-124.0994293,40.4992104,transport,,
1522,86156836,-124.1337398,40.5874355,transport,,
1523,86160040,-124.1152,40.506018,transport,,
1524,86160049,-124.115982,40.506224,transport,,
1525,86160061,-124.123339,40.506185,transport,,
1526,86160067,-124.124088,40.506783,transport,,
1527,86160591,-124.1310263,40.5730316,transport,,
1528,86160639,-124.1545018,40.5910561,transport,,
1529,8374700117,-124.1544963,40.5919507,transport,,
1530,4195942159,-124.1545156,40.5896104,transport,,
1531,86160767,-124.112199,40.584808,transport,,
1532,86162989,-124.1391376,40.6013954,transport,,
1533,4164116851,-124.1005571,40.5511353,transport,,
1534,86164389,-124.100762,40.550443,transport,,
1535,86164441,-124.098256,40.553277,transport,,
1536,86166541,-124.2307206,40.5955604,transport,,
1537,4195942431,-124.1534085,40.5956719,transport,,
1538,86166753,-124.1534133,40.5963184,transport,,
1539,8296538896,-124.1533828,40.5976521,transport,,
1540,86170385,-124.1497115,40.5936241,transport,,
1541,86170392,-124.1475754,40.5936271,transport,,
1542,86177223,-124.1334943,40.5748252,transport,,
1543,86179665,-124.112021,40.506655,transport,,
1544,86179668,-124.11195,40.507062,transport,,
1545,86179672,-124.111924,40.507799,transport,,
1546,86180151,-124.164906,40.605085,transport,,
1547,86180991,-124.0982051,40.5042199,transport,,
1548,8301649719,-124.131027,40.5688743,transport,,
1549,86009805,-124.1307825,40.5688739,transport,,
1550,8301604981,-124.1305007,40.568874,transport,,
1551,85697990,-124.149921,40.583027,transport,,
1552,86181720,-124.149946,40.5867,transport,,
1553,86183499,-124.09531,40.554948,transport,,
1554,4195942436,-124.1523371,40.5956907,transport,,
1555,86166751,-124.152344,40.5963087,transport,,
1556,86030401,-124.1523035,40.5979273,transport,,
1557,86183776,-124.1315108,40.5679476,transport,,
1558,86009800,-124.1307619,40.5679615,transport,,
1559,4229154223,-124.1301704,40.5679614,transport,,
1560,86184145,-124.1526757,40.5887973,transport,,
1561,86184156,-124.1523936,40.5907791,transport,,
1562,85975629,-124.1575899,40.5963388,transport,,
1563,86184371,-124.1566251,40.5963307,transport,,
1564,86184373,-124.15556,40.5963265,transport,,
1565,86160649,-124.1544811,40.5963178,transport,,
1566,86184376,-124.1512581,40.5963009,transport,,
1567,86184380,-124.1502208,40.5962976,transport,,
1568,85899083,-124.1017585,40.5030648,transport,,
1569,86184512,-124.1012588,40.502062,transport,,
1570,86185014,-124.1044777,40.5020681,transport,,
1571,85899090,-124.104496,40.503108,transport,,
1572,86186298,-124.1366621,40.5637659,transport,,
1573,86187142,-124.133009,40.618519,transport,,
1574,86187373,-124.1512566,40.5957459,transport,,
1575,86030399,-124.151251,40.5979046,transport,,
1576,8296482676,-124.1514565,40.599641,transport,,
1577,86187398,-124.1514552,40.5997967,transport,,
1578,8296482677,-124.1514551,40.5999351,transport,,
1579,86187589,-124.107529,40.496899,transport,,
1580,86187683,-124.099294,40.49557,transport,,
1581,86187699,-124.1024866,40.4941558,transport,,
1582,86189525,-124.259736,40.5791881,transport,,
1583,86030162,-124.2599688,40.5811322,transport,,
1584,86189659,-124.104804,40.506966,transport,,
1585,86189666,-124.104981,40.506162,transport,,
1586,86189680,-124.104472,40.505553,transport,,
1587,86189685,-124.12331,40.504872,transport,,
1588,86190717,-124.143215,40.544303,transport,,
1589,86054508,-124.1424862,40.5485847,transport,,
1590,86190753,-124.1452215,40.551845,transport,,
1591,85826879,-124.1327716,40.577782,transport,,
1592,86190759,-124.1326295,40.5788815,transport,,
1593,86156326,-124.093736,40.499151,transport,,
1594,86190940,-124.093775,40.500774,transport,,
1595,85787030,-124.1890187,40.6105526,transport,,
1596,86191079,-124.1899035,40.6119569,transport,,
1597,86054671,-124.098032,40.546647,transport,,
1598,86191133,-124.096639,40.546287,transport,,
1599,86195866,-124.1502238,40.5957275,transport,,
1600,86030383,-124.150205,40.5978887,transport,,
1601,86195869,-124.1507401,40.599354,transport,,
1602,85873757,-124.111205,40.4908569,transport,,
1603,86196467,-124.112263,40.492839,transport,,
1604,86196536,-124.1010971,40.4926185,transport,,
1605,86196546,-124.1040763,40.4957391,transport,,
1606,86196574,-124.1065951,40.5015896,transport,,
1607,86197110,-124.1389403,40.5636544,transport,,
1608,85057096,-124.1465287,40.5770147,transport,,
1609,8444888518,-124.1463283,40.576757,transport,,
1610,86203015,-124.1597034,40.6037283,transport,,
1611,86203177,-124.2600688,40.5809707,transport,,
1612,86203178,-124.2611627,40.5813824,transport,,
1613,86203180,-124.106492,40.505437,transport,,
1614,86006602,-124.1098236,40.5065284,transport,,
1615,86207309,-124.099414,40.502031,transport,,
1616,86207351,-124.102266,40.505132,transport,,
1617,86207378,-124.109205,40.507508,transport,,
1618,86207485,-124.1192825,40.5642487,transport,,
1619,86210658,-124.131055,40.5766777,transport,,
1620,85899102,-124.1061585,40.5028445,transport,,
1621,86211219,-124.10588,40.502143,transport,,
1622,86049489,-124.259849,40.579162,transport,,
1623,86030151,-124.2610045,40.5795975,transport,,
1624,11445464489,-124.2622021,40.5800788,transport,,
1625,86212258,-124.244377,40.534115,transport,,
1626,86212724,-124.1336227,40.5781858,transport,,
1627,86212730,-124.182922,40.550423,transport,,
1628,86212803,-124.245904,40.588013,transport,,
1629,85818578,-124.2502347,40.587994,transport,,
1630,11429189794,-124.255186,40.5880351,transport,,
1631,86212819,-124.250294,40.589496,transport,,
1632,86213989,-124.1507555,40.5997891,transport,,
1633,86160651,-124.1544658,40.5996506,transport,,
1634,86214026,-124.1555517,40.5996607,transport,,
1635,86214029,-124.1566218,40.5996664,transport,,
1636,85975639,-124.1575563,40.5996779,transport,,
1637,85557794,-124.1575582,40.5993598,transport,,
1638,85952809,-124.1603398,40.5993751,transport,,
1639,86214045,-124.1626668,40.599649,transport,,
1640,86214636,-124.1403535,40.5666206,transport,,
1641,86021825,-124.1442832,40.5702096,transport,,
1642,86214688,-124.1425317,40.5680922,transport,,
1643,86214706,-124.1404165,40.5673908,transport,,
1644,86215443,-124.1280428,40.5781335,transport,,
1645,86220154,-124.240623,40.599823,transport,,
1646,85909228,-124.166281,40.612054,transport,,
1647,86221275,-124.163098,40.615284,transport,,
1648,4230783466,-124.1193996,40.5821117,transport,,
1649,86228546,-124.1004483,40.4884495,transport,,
1650,86228549,-124.0997577,40.4883949,transport,,
1651,86228857,-124.098875,40.55948,transport,,
1652,86233336,-124.1357916,40.5636501,transport,,
1653,4228683398,-124.1456348,40.5848308,transport,,
1654,86234931,-124.1457377,40.5885833,transport,,
1655,86235126,-124.098846,40.50468,transport,,
1656,86235809,-124.1381715,40.5645,transport,,
1657,86236158,-124.1261173,40.5633119,transport,,
1658,8437211436,-124.1565751,40.5931798,transport,,
1659,8437199696,-124.1566273,40.5933953,transport,,
1660,86062791,-124.1566309,40.5971535,transport,,
1661,86030409,-124.1566488,40.5979869,transport,,
1662,85738534,-124.1566304,40.598806,transport,,
1663,86096804,-124.1566199,40.6003911,transport,,
1664,4645863627,-124.2590372,40.5854935,transport,,
1665,8600733535,-124.1080977,40.479698,transport,,
1666,8604495685,-124.1056596,40.4828479,transport,,
1667,86032543,-124.1349098,40.5629879,transport,,
1668,86247152,-124.099654,40.505151,transport,,
1669,86247217,-124.1555441,40.6008214,transport,,
1670,86030407,-124.1555542,40.5979798,transport,,
1671,86248165,-124.1326144,40.5707618,transport,,
1672,86248275,-124.100743,40.502016,transport,,
1673,85167916,-124.1457639,40.5964253,transport,,
1674,86251347,-124.1451401,40.5970581,transport,,
1675,85697412,-124.1408485,40.5842638,transport,,
1676,86251779,-124.105285,40.506122,transport,,
1677,86160634,-124.154516,40.5899229,transport,,
1678,86251885,-124.1540481,40.5895263,transport,,
1679,85037980,-124.1397111,40.5928147,transport,,
1680,4194356454,-124.1385528,40.593017,transport,,
1681,86253693,-124.123541,40.538956,transport,,
1682,86054550,-124.1260019,40.5475595,transport,,
1683,86258721,-124.264557,40.619575,transport,,
1684,86259621,-124.1012332,40.4972823,transport,,
1685,267310565,-124.1295718,40.5877313,transport,,
1686,86139640,-124.1260521,40.5878366,transport,,
1687,267310596,-124.1310441,40.5889618,transport,,
1688,267593983,-124.1311975,40.5840357,transport,,
1689,2892074127,-124.1276612,40.5844543,transport,,
1690,267593993,-124.1239857,40.5829377,transport,,
1691,267594000,-124.1235515,40.5838554,transport,,
1692,267594002,-124.1218795,40.5832301,transport,,
1693,267594006,-124.1289661,40.5817587,transport,,
1694,267594009,-124.12879,40.5813123,transport,,
1696,1971131925,-124.1460438,40.5531302,transport,,
1698,85298418,-124.1924064,40.6125305,transport,,
1700,85723326,-124.1486772,40.5750691,transport,,
1701,86021817,-124.1392437,40.5702006,transport,,
1702,86021819,-124.1398748,40.5702024,transport,,
1703,4224482903,-124.1462606,40.572,transport,,
1704,4195942184,-124.1522566,40.5841132,transport,,
1705,85929257,-124.1466156,40.5969505,transport,,
1706,302466681,-124.1468593,40.5968726,transport,,
1707,85720435,-124.1662481,40.5987779,transport,,
1708,85077691,-124.1667798,40.599622,transport,,
1709,4195942410,-124.167525,40.5995498,transport,,
1710,4195942402,-124.1737768,40.6026162,transport,,
1711,85077708,-124.1705383,40.6008143,transport,,
1712,4195942398,-124.1688515,40.6002555,transport,,
1713,8363310805,-124.1684204,40.6005149,transport,,
1714,302465201,-124.1463584,40.5775232,transport,,
1715,85963612,-124.1324745,40.5552685,transport,,
1716,85864747,-124.099367,40.488418,transport,,
1717,85864757,-124.099603,40.4888444,transport,,
1718,86029725,-124.0992039,40.4896726,transport,,
1722,85788818,-124.15031,40.533229,transport,,
1724,9025255627,-124.1086609,40.5045216,transport,,
1725,85789047,-124.1054213,40.5048725,transport,,
1726,85255947,-124.2142629,40.6234297,transport,,
1737,85771496,-124.2021248,40.6156414,transport,,
1738,5362541721,-124.2693156,40.5776391,transport,,
1739,85787002,-124.1828731,40.6065008,transport,,
1741,85089188,-124.1746344,40.6029994,transport,,
1753,429726518,-124.1551776,40.588204,transport,,
1754,85564772,-124.1549482,40.5884902,transport,,
1756,4194364312,-124.1488464,40.5714028,transport,,
1757,85788771,-124.1461701,40.5529109,transport,,
1770,85631865,-124.1137146,40.5067633,transport,,
1771,431029659,-124.1013894,40.503063,transport,,
1772,85292610,-124.100114,40.5018994,transport,,
1773,86156324,-124.0987995,40.4992101,transport,,
1775,85616108,-124.0998359,40.5019618,transport,,
1780,85196906,-124.0977579,40.4910817,transport,,
1786,85228585,-124.0994415,40.4852203,transport,,
1787,85786381,-124.0990938,40.4857923,transport,,
1788,332145149,-124.0980427,40.4882226,transport,,
1789,85786319,-124.0999156,40.4743994,transport,,
1790,85106668,-124.0999551,40.4746252,transport,,
1791,8758198229,-124.0997858,40.4808476,transport,,
1792,508291239,-124.0955213,40.4682194,transport,,
1793,85052469,-124.0960167,40.467952,transport,,
1794,85786591,-124.150173,40.53318,transport,,
1795,,-124.09,40.5460268,transport,,
1796,85464856,-124.1450152,40.548617,transport,,
1797,1971131882,-124.1441308,40.5486037,transport,,
1798,86032446,-124.1473683,40.5629878,transport,,
1799,85963561,-124.1307928,40.5629877,transport,,
1800,85929166,-124.126705,40.562992,transport,,
1801,1971131890,-124.1482902,40.548697,transport,,
1802,86114417,-124.154562,40.547018,transport,,
1803,86029641,-124.100893,40.4762829,transport,,
1804,4224292932,-124.1500814,40.5978907,transport,,
1805,85909264,-124.167755,40.614815,transport,,
1806,86213893,-124.1534135,40.5872321,transport,,
1808,4196000170,-124.139733,40.5705614,transport,,
1810,8539635674,-124.1538069,40.5631972,transport,,
1811,86144060,-124.1467475,40.5537793,transport,,
1812,9025255630,-124.1097181,40.506239,transport,,
1813,8371159690,-124.1468684,40.5886716,transport,,signal
1814,85723259,-124.1468688,40.5885617,transport,,
1815,4224608775,-124.1468805,40.5848124,transport,,signal
1816,85723236,-124.146884,40.5799582,transport,,signal
1817,2592329469,-124.1468852,40.579859,transport,,
1818,353575593,-124.1451608,40.5418611,transport,,
1819,1971131809,-124.1499706,40.5330555,transport,,
1820,86139306,-124.1480237,40.58856,transport,,
1821,2592329516,-124.1443341,40.5798665,transport,,
1822,4224608717,-124.1465374,40.5798608,transport,,signal
1823,2892074109,-124.1377817,40.588868,transport,,
1824,2892074135,-124.1367716,40.5792132,transport,,
1825,2892074137,-124.1343195,40.5731482,transport,,
1826,2892074139,-124.1351119,40.5735267,transport,,
1827,2892074140,-124.1375112,40.5869147,transport,,
1828,85724239,-124.128312,40.576797,transport,,
1829,8380360843,-124.1271502,40.5771324,transport,,
1830,2892074146,-124.1239203,40.5769324,transport,,
1831,2892074200,-124.1219475,40.5765917,transport,,
1832,2892074703,-124.1216858,40.5563606,transport,,
1833,2988910962,-124.1416822,40.572327,transport,,
1834,85992668,-124.1421875,40.5729024,transport,,
1835,85992686,-124.1463021,40.5769772,transport,,signal
1836,2988910942,-124.1397939,40.570465,transport,,
1837,4229125120,-124.1392979,40.5703222,transport,,
1838,2988910936,-124.1367504,40.5692768,transport,,
1839,2988910949,-124.1317096,40.5710339,transport,,
1840,2988910977,-124.1444867,40.5728463,transport,,
1841,2988910967,-124.1394282,40.5724325,transport,,
1842,85631848,-124.1100714,40.5060868,transport,,
1843,85089184,-124.1770349,40.6039594,transport,,
1844,85292635,-124.0983962,40.4963375,transport,,
1845,85896999,-124.349353,40.5735664,transport,,
1846,85897174,-124.3330586,40.5766346,transport,,
1847,85897383,-124.2701876,40.5787899,transport,,
1848,85077683,-124.166897,40.5999641,transport,,
1849,4164116859,-124.0941989,40.548737,transport,,
1850,4194356468,-124.1398022,40.5938249,transport,,
1851,85952811,-124.1603639,40.6001598,transport,,
1852,85965821,-124.161578,40.6001889,transport,,
1853,86096860,-124.1626609,40.6001806,transport,,
1854,85861747,-124.1488456,40.5923941,transport,,
1855,85861750,-124.1488647,40.5924551,transport,,
1856,4222526234,-124.1354302,40.6061496,transport,,
1857,4224269328,-124.1458686,40.5964531,transport,,
1861,8374681715,-124.1545138,40.5900635,transport,,
1862,86160636,-124.1545008,40.5908749,transport,,
1863,4222954515,-124.1599329,40.6092024,transport,,
1864,85499829,-124.1243468,40.5966838,transport,,
1865,4224269348,-124.1251062,40.5966894,transport,,
1866,4224292933,-124.1515351,40.602933,transport,,
1867,85685863,-124.1518578,40.6027099,transport,,
1868,85697966,-124.1487889,40.5795521,transport,,
1869,86170395,-124.1474166,40.5936291,transport,,
1870,85796241,-124.1468553,40.5936282,transport,,
1871,86202365,-124.1461718,40.5765987,transport,,
1872,4228629653,-124.1432176,40.5938445,transport,,
1873,4228644603,-124.1425448,40.5910969,transport,,
1874,5227993442,-124.1417415,40.5915872,transport,,
1875,5227993436,-124.1413922,40.5914762,transport,,
1876,4230907994,-124.1243574,40.5640426,transport,,
1877,85929203,-124.1297357,40.5783425,transport,,
1878,85816175,-124.1218967,40.5557124,transport,,
1879,85873796,-124.1069537,40.4932801,transport,,
1880,4646254337,-124.2630732,40.5816799,transport,,
1881,4646254336,-124.2621642,40.581935,transport,,
1882,4646254338,-124.2631778,40.581935,transport,,
1883,4646258124,-124.2556883,40.577753,transport,,
1884,11429020007,-124.2557293,40.579645,transport,,
1885,4646497267,-124.2650408,40.5813821,transport,,
1886,4222589303,-124.14623,40.5771424,transport,,signal
1887,85826890,-124.129612,40.5780303,transport,,
1888,85760242,-124.1266597,40.5681585,transport,,
1889,85899240,-124.1544931,40.5932977,transport,,
1890,8341382288,-124.1544859,40.5977314,transport,,
1891,86030405,-124.1544841,40.5979683,transport,,signal
1892,8317801157,-124.1548974,40.5979752,transport,,
1893,8293405654,-124.1544819,40.5982028,transport,,
1894,84961402,-124.2021381,40.5821769,transport,,
1895,86166544,-124.2308663,40.5957528,transport,,
1896,85976792,-124.2502348,40.5946558,transport,,
1897,85976790,-124.2502427,40.5945436,transport,,
1898,85748630,-124.157145,40.5902951,transport,,
1899,85748646,-124.1578509,40.5921409,transport,,
1900,86004625,-124.2748371,40.5946998,transport,,
1901,431638878,-124.0993175,40.4834967,transport,,
1903,85897148,-124.335304,40.575952,transport,,
1904,85525482,-124.278924,40.568962,transport,,
1905,5378317164,-124.2826009,40.5625232,transport,,
1906,85121590,-124.2927493,40.5877932,transport,,
1907,85112532,-124.30132,40.6028813,transport,,
1908,86061469,-124.2582523,40.5933548,transport,,
1909,85919324,-124.2692691,40.5842683,transport,,
1910,8758217557,-124.2101993,40.6275186,transport,,
1911,5372823025,-124.210444,40.627302,transport,,
1912,5372822719,-124.2148107,40.6262412,transport,,
1913,5372823054,-124.2119523,40.6296199,transport,,
1914,,-124.2119643,40.63,transport,,
1915,,-124.2084967,40.63,transport,,
1916,5372823087,-124.2111227,40.6291991,transport,,
1917,5372823068,-124.2143199,40.6272876,transport,,
1918,5372823069,-124.2140356,40.6285476,transport,,
1919,,-124.2138049,40.63,transport,,
1920,85714737,-124.3770564,40.4517352,transport,,
1921,,-124.3419292,40.44,transport,,
1922,85711586,-124.3672666,40.4658864,transport,,
1923,85771499,-124.201721,40.6163217,transport,,
1924,85545809,-124.2022796,40.616576,transport,,
1925,85786632,-124.1445834,40.5446724,transport,,
1926,85788782,-124.144931,40.545616,transport,,
1927,85816136,-124.113263,40.551679,transport,,
1928,85724235,-124.1290443,40.5766153,transport,,
1929,8105364563,-124.1039164,40.4843902,transport,,
1930,85945811,-124.2641681,40.5762799,transport,,
1931,8292369346,-124.2648203,40.5785305,transport,,
1932,4677345101,-124.2647932,40.5770901,transport,,
1933,8292381720,-124.2648082,40.5776873,transport,,
1934,8295397674,-124.1408489,40.5840353,transport,,
1935,8296482675,-124.1514602,40.599054,transport,,
1936,86187400,-124.1514664,40.6003307,transport,,
1937,86030403,-124.1533793,40.5979517,transport,,
1938,8296538897,-124.1533792,40.5983941,transport,,
1939,8296579100,-124.1533785,40.5991791,transport,,
1940,8296579101,-124.1533702,40.6000139,transport,,
1941,85639538,-124.1495227,40.6005061,transport,,
1942,85639536,-124.1495067,40.600407,transport,,
1943,8300141542,-124.1545538,40.5857453,transport,,
1944,4229083597,-124.132318,40.5754948,transport,,
1945,8301563838,-124.1323778,40.5748862,transport,,
1946,8301563839,-124.132388,40.5745395,transport,,
1947,85698168,-124.1308418,40.571415,transport,,
1948,85929185,-124.1266784,40.5688739,transport,,
1949,8301641995,-124.1282416,40.568876,transport,,
1950,86084908,-124.1283071,40.5680687,transport,,
1951,8301604982,-124.1299273,40.5688743,transport,,
1952,86084934,-124.1296678,40.5688744,transport,,
1953,8301604983,-124.1290844,40.5688751,transport,,
1954,86084939,-124.1296164,40.5697044,transport,,
1955,86181084,-124.1321146,40.5688763,transport,,
1956,8301661806,-124.1307765,40.5686072,transport,,
1957,8301661807,-124.1307862,40.5691157,transport,,
1958,85732554,-124.1375916,40.5836178,transport,,
1959,85410838,-124.137398,40.5834951,transport,,
1960,4228683080,-124.1314614,40.5830746,transport,,
1961,85532430,-124.1310107,40.5831181,transport,,
1962,4195942456,-124.146668,40.5963914,transport,,
1963,11429165690,-124.2600684,40.5727219,transport,,
1964,8304789545,-124.2647615,40.57374,transport,,
1965,4677373352,-124.2649482,40.5739132,transport,,
1966,8304825617,-124.2649817,40.5738894,transport,,
1967,8419698703,-124.1475837,40.6084715,transport,,
1968,85975636,-124.157576,40.5979853,transport,,
1969,8377490592,-124.1603593,40.5983388,transport,,
1970,8434909121,-124.1640791,40.5990843,transport,,
1971,85738527,-124.1555532,40.598836,transport,,
1972,85738536,-124.1575661,40.5987642,transport,,
1973,,-124.2152558,40.63,transport,,
1974,85490196,-124.1539457,40.5979605,transport,,
1975,86030385,-124.1507107,40.5978973,transport,,
1976,85889362,-124.1485469,40.5976452,transport,,
1977,4224269490,-124.147654,40.597487,transport,,
1978,85929227,-124.1336778,40.5892491,transport,,
1979,4194392757,-124.1343004,40.5896121,transport,,
1980,85929221,-124.1331075,40.588568,transport,,
1981,4224517824,-124.1469729,40.5885621,transport,,signal
1982,85723304,-124.1466613,40.5885782,transport,,
1983,86251900,-124.14657,40.5885858,transport,,signal
1984,86251918,-124.1407309,40.5912677,transport,,
1985,8374730693,-124.13988,40.592618,transport,,
1986,3629518506,-124.1372517,40.5933417,transport,,
1987,8667943934,-124.1271809,40.5984425,transport,,
1988,4194356459,-124.1379767,40.5930085,transport,,
1989,8371284515,-124.1345588,40.5897614,transport,,
1990,8374730699,-124.1393759,40.5926144,transport,,
1991,8655232714,-124.1435534,40.5951154,transport,,
1992,8377490578,-124.1659331,40.5996089,transport,,
1993,8380349853,-124.1459744,40.6101478,transport,,
1994,85685944,-124.145929,40.610181,transport,,
1995,2892074161,-124.1238397,40.5757223,transport,,
1996,85998379,-124.1546808,40.60165,transport,,
1997,85685928,-124.1475929,40.6085775,transport,,
1998,4322224732,-124.2051891,40.6098894,transport,,
1999,85720436,-124.1657165,40.5995216,transport,,
2000,85446610,-124.1658131,40.5995565,transport,,
2001,8448176430,-124.1468554,40.5927115,transport,,
2002,8434909120,-124.1688576,40.5999291,transport,,
2003,85944310,-124.1556329,40.5933879,transport,,
2004,85975624,-124.1575956,40.5936475,transport,,
2005,85975634,-124.1575788,40.5971567,transport,,
2006,8448031678,-124.1466725,40.5913366,transport,,
2007,86191087,-124.1902952,40.6123346,transport,,
2008,86130757,-124.2011909,40.6160889,transport,,
2009,429597737,-124.2028374,40.6168531,transport,,
2010,8506588831,-124.20942,40.6198476,transport,,
2011,8493421061,-124.2018674,40.6160824,transport,,
2012,86191035,-124.1978525,40.6148565,transport,,
2013,8506588837,-124.2098098,40.6201919,transport,,
2014,,-124.2215512,40.63,transport,,
2015,8506640451,-124.1976543,40.6147825,transport,,
2016,85298421,-124.1926236,40.6126832,transport,,
2017,85350933,-124.1909688,40.6124333,transport,,
2018,4228644607,-124.1432127,40.5920575,transport,,
2019,8523188412,-124.1427922,40.5919217,transport,,
2020,86144109,-124.1535456,40.5642599,transport,,
2021,85698906,-124.1382003,40.5740502,transport,,
2022,8600733538,-124.1045336,40.4846133,transport,,
2024,85770649,-124.100838,40.48403,transport,,
2025,85770652,-124.101218,40.484534,transport,,
2026,86029688,-124.1015233,40.484361,transport,,
2027,8597461489,-124.100939,40.4848178,transport,,
2028,8618603806,-124.1006364,40.4849841,transport,,
2029,85864765,-124.100153,40.488985,transport,,
2030,85775236,-124.104382,40.485087,transport,,
2031,86038510,-124.0999351,40.4844268,transport,,
2032,85946460,-124.10255,40.48308,transport,,
2033,8655232713,-124.1437258,40.5952177,transport,,
2034,86251972,-124.1249818,40.6009217,transport,,
2035,85729515,-124.1244992,40.6011851,transport,,
2036,8704937317,-124.1601119,40.5971652,transport,,
2037,86062794,-124.1607125,40.5971699,transport,,
2039,,-124.2150744,40.63,transport,,
2040,85353156,-124.1094156,40.5053977,transport,,
2041,86196588,-124.1084496,40.504357,transport,,
2042,86196576,-124.1066967,40.5018761,transport,,
2043,86196578,-124.1071184,40.5027544,transport,,
2044,8767167078,-124.1068646,40.5022923,transport,,
2045,8767261459,-124.0948414,40.4674897,transport,,
2046,,-124.09,40.4628745,transport,,
2047,85965827,-124.161583,40.6005319,transport,,
2048,4222890714,-124.1466216,40.5771605,transport,,signal
2049,8365907776,-124.1467362,40.5769469,transport,,signal
2050,4224608773,-124.1466762,40.5846307,transport,,signal
2051,8371159691,-124.1466625,40.5884776,transport,,signal
2052,9785341442,-124.2786166,40.5750428,transport,,
2053,,-124.3835594,40.44,transport,,
2054,10763082371,-124.1380685,40.5826536,transport,,
2055,10763082366,-124.1396163,40.5824608,transport,,
2056,10763082372,-124.1384375,40.5822194,transport,,
2057,85864696,-124.107813,40.567173,transport,,
2058,10605857988,-124.1076247,40.5671302,transport,,
2059,86212232,-124.2622855,40.5801065,transport,,
2060,86212237,-124.2625021,40.5805708,transport,,
2061,,-124.1341817,40.44,transport,,
2062,85879062,-124.1067097,40.4925927,transport,,
2063,85763697,-124.2988604,40.46305,transport,,
2064,85763656,-124.2898777,40.4618644,transport,,
2065,85763653,-124.2893735,40.461246,transport,,
2066,85762679,-124.2698684,40.449821,transport,,
