Asset Type,Network Type,Facility Name,Facility Type,Unit,Damage Repair Cost,Total Repair Cost
Highway,Rural Flat,Interstate (HERS),1,Lane-mile,2270656.963,2270656.963
Highway,Rural Flat,Other Freeway and Expressway (HERS),2,Lane-mile,2141992.442,2141992.442
Highway,Rural Flat,Other Principal Arterial (HERS),3,Lane-mile,2016952.274,2016952.274
Highway,Rural Flat,Minor Arterial (HERS),4,Lane-mile,1837546.816,1837546.816
Highway,Rural Flat,Major Collector (HERS),5,Lane-mile,1643643.947,1643643.947
Highway,Rural Flat,Minor Collector (HERS),6,Lane-mile,1471487.194,1471487.194
Highway,Rural Flat,Local (HERS),7,Lane-mile,1346447.026,1346447.026
Highway,Rural Rolling,Interstate (HERS),1,Lane-mile,2685645.346,2685645.346
Highway,Rural Rolling,Other Freeway and Expressway (HERS),2,Lane-mile,2529798.181,2529798.181
Highway,Rural Rolling,Other Principal Arterial (HERS),3,Lane-mile,2381199.72,2381199.72
Highway,Rural Rolling,Minor Arterial (HERS),4,Lane-mile,2169175.087,2169175.087
Highway,Rural Rolling,Major Collector (HERS),5,Lane-mile,1940840.868,1940840.868
Highway,Rural Rolling,Minor Collector (HERS),6,Lane-mile,1736064.941,1736064.941
Highway,Rural Rolling,Local (HERS),7,Lane-mile,1585654.304,1585654.304
Highway,Rural Mountainous,Interstate (HERS),1,Lane-mile,3405079.356,3405079.356
Highway,Rural Mountainous,Other Freeway and Expressway (HERS),2,Lane-mile,3211176.487,3211176.487
Highway,Rural Mountainous,Other Principal Arterial (HERS),3,Lane-mile,3022710.147,3022710.147
Highway,Rural Mountainous,Minor Arterial (HERS),4,Lane-mile,2749071.519,2749071.519
Highway,Rural Mountainous,Major Collector (HERS),5,Lane-mile,2459123.303,2459123.303
Highway,Rural Mountainous,Minor Collector (HERS),6,Lane-mile,2199982.085,2199982.085
Highway,Rural Mountainous,Local (HERS),7,Lane-mile,2002454.864,2002454.864
Highway,Small Urban,Interstate (HERS),1,Lane-mile,3609855.283,3609855.283
Highway,Small Urban,Other Freeway and Expressway (HERS),2,Lane-mile,3405079.356,3405079.356
Highway,Small Urban,Other Principal Arterial (HERS),3,Lane-mile,3211176.487,3211176.487
Highway,Small Urban,Minor Arterial (HERS),4,Lane-mile,2875923.863,2875923.863
Highway,Small Urban,Major Collector (HERS),5,Lane-mile,2511676.417,2511676.417
Highway,Small Urban,Minor Collector (HERS),6,Lane-mile,2228976.907,2228976.907
Highway,Small Urban,Local (HERS),7,Lane-mile,2038698.39,2038698.39
Highway,Small Urbanized,Interstate (HERS),1,Lane-mile,4124513.366,4124513.366
Highway,Small Urbanized,Other Freeway and Expressway (HERS),2,Lane-mile,3890742.617,3890742.617
Highway,Small Urbanized,Other Principal Arterial (HERS),3,Lane-mile,3664220.574,3664220.574
Highway,Small Urbanized,Minor Arterial (HERS),4,Lane-mile,3274602.659,3274602.659
Highway,Small Urbanized,Major Collector (HERS),5,Lane-mile,2857802.099,2857802.099
Highway,Small Urbanized,Minor Collector (HERS),6,Lane-mile,2524361.652,2524361.652
Highway,Small Urbanized,Local (HERS),7,Lane-mile,2306900.49,2306900.49
Highway,Large Urbanized,Interstate (HERS),1,Lane-mile,5041474.598,5041474.598
Highway,Large Urbanized,Other Freeway and Expressway (HERS),2,Lane-mile,4747902.029,4747902.029
Highway,Large Urbanized,Other Principal Arterial (HERS),3,Lane-mile,4468826.872,4468826.872
Highway,Large Urbanized,Minor Arterial (HERS),4,Lane-mile,3983163.611,3983163.611
Highway,Large Urbanized,Major Collector (HERS),5,Lane-mile,3419576.767,3419576.767
Highway,Large Urbanized,Minor Collector (HERS),6,Lane-mile,3011837.089,3011837.089
Highway,Large Urbanized,Local (HERS),7,Lane-mile,2740010.637,2740010.637
Highway,Major Urbanized,Interstate (HERS),1,Lane-mile,5460087.334,5460087.334
Highway,Major Urbanized,Other Freeway and Expressway (HERS),2,Lane-mile,5141144.297,5141144.297
Highway,Major Urbanized,Other Principal Arterial (HERS),3,Lane-mile,4829449.965,4829449.965
Highway,Major Urbanized,Minor Arterial (HERS),4,Lane-mile,4291233.59,4291233.59
Highway,Major Urbanized,Major Collector (HERS),5,Lane-mile,3682342.337,3682342.337
Highway,Major Urbanized,Minor Collector (HERS),6,Lane-mile,3229298.251,3229298.251
Highway,Major Urbanized,Local (HERS),7,Lane-mile,2935725.682,2935725.682
Bridge,,National Highway System,11,Square foot,429,429
Bridge,,Non-National,12,Square foot,383,383
Transit,,Tram/Light Rail,100,Track-mile,18894783.38,18894783.38
Transit,,Subway,101,Track-mile,80914702.16,80914702.16
Transit,,Rail,102,Track-mile,80914702.16,80914702.16
Transit,,Bus,103,Lane-mile,0,0
